# theta(rad)  log10(N_S)  adv_dB
0.000000  -3.000000  0.00433211
0.000000  -2.958333  0.00476714
0.000000  -2.916667  0.00524571
0.000000  -2.875000  0.00577217
0.000000  -2.833333  0.00635127
0.000000  -2.791667  0.00698823
0.000000  -2.750000  0.00768879
0.000000  -2.708333  0.00845924
0.000000  -2.666667  0.00930647
0.000000  -2.625000  0.01023805
0.000000  -2.583333  0.01126228
0.000000  -2.541667  0.01238824
0.000000  -2.500000  0.01362589
0.000000  -2.458333  0.01498610
0.000000  -2.416667  0.01648080
0.000000  -2.375000  0.01812301
0.000000  -2.333333  0.01992697
0.000000  -2.291667  0.02190820
0.000000  -2.250000  0.02408366
0.000000  -2.208333  0.02647180
0.000000  -2.166667  0.02909273
0.000000  -2.125000  0.03196832
0.000000  -2.083333  0.03512229
0.000000  -2.041667  0.03858040
0.000000  -2.000000  0.04237053
0.000000  -1.958333  0.04652281
0.000000  -1.916667  0.05106977
0.000000  -1.875000  0.05604643
0.000000  -1.833333  0.06149039
0.000000  -1.791667  0.06744197
0.000000  -1.750000  0.07394422
0.000000  -1.708333  0.08104302
0.000000  -1.666667  0.08878702
0.000000  -1.625000  0.09722767
0.000000  -1.583333  0.10641910
0.000000  -1.541667  0.11641794
0.000000  -1.500000  0.12728318
0.000000  -1.458333  0.13907579
0.000000  -1.416667  0.15185834
0.000000  -1.375000  0.16569448
0.000000  -1.333333  0.18064832
0.000000  -1.291667  0.19678365
0.000000  -1.250000  0.21416304
0.000000  -1.208333  0.23284678
0.000000  -1.166667  0.25289171
0.000000  -1.125000  0.27434987
0.000000  -1.083333  0.29726706
0.000000  -1.041667  0.32168127
0.000000  -1.000000  0.34762106
0.000000  -0.958333  0.37510388
0.000000  -0.916667  0.40413440
0.000000  -0.875000  0.43470300
0.000000  -0.833333  0.46678427
0.000000  -0.791667  0.50033582
0.000000  -0.750000  0.53529736
0.000000  -0.708333  0.57159014
0.000000  -0.666667  0.60911680
0.000000  -0.625000  0.64776176
0.000000  -0.583333  0.68739207
0.000000  -0.541667  0.72785880
0.000000  -0.500000  0.76899903
0.000000  -0.458333  0.81063820
0.000000  -0.416667  0.85259296
0.000000  -0.375000  0.89467433
0.000000  -0.333333  0.93669105
0.000000  -0.291667  0.97845302
0.000000  -0.250000  1.01977470
0.000000  -0.208333  1.06047836
0.000000  -0.166667  1.10039702
0.000000  -0.125000  1.13937697
0.000000  -0.083333  1.17727991
0.000000  -0.041667  1.21398448
0.000000  0.000000  1.24938737
0.000000  0.041667  1.28340377
0.000000  0.083333  1.31596745
0.000000  0.125000  1.34703029
0.000000  0.166667  1.37656152
0.000000  0.208333  1.40454651
0.000000  0.250000  1.43098548
0.000000  0.291667  1.45589192
0.000000  0.333333  1.47929096
0.000000  0.375000  1.50121771
0.000000  0.416667  1.52171562
0.000000  0.458333  1.54083486
0.000000  0.500000  1.55863088
0.000000  0.541667  1.57516297
0.000000  0.583333  1.59049310
0.000000  0.625000  1.60468477
0.000000  0.666667  1.61780206
0.000000  0.708333  1.62990885
0.000000  0.750000  1.64106814
0.000000  0.791667  1.65134145
0.000000  0.833333  1.66078845
0.000000  0.875000  1.66946658
0.000000  0.916667  1.67743078
0.000000  0.958333  1.68473340
0.000000  1.000000  1.69142399
0.000000  1.041667  1.69754934
0.000000  1.083333  1.70315341
0.000000  1.125000  1.70827739
0.000000  1.166667  1.71295977
0.000000  1.208333  1.71723639
0.000000  1.250000  1.72114058
0.000000  1.291667  1.72470322
0.000000  1.333333  1.72795293
0.000000  1.375000  1.73091612
0.000000  1.416667  1.73361717
0.000000  1.458333  1.73607854
0.000000  1.500000  1.73832088
0.000000  1.541667  1.74036319
0.000000  1.583333  1.74222288
0.000000  1.625000  1.74391593
0.000000  1.666667  1.74545700
0.000000  1.708333  1.74685948
0.000000  1.750000  1.74813564
0.000000  1.791667  1.74929669
0.000000  1.833333  1.75035288
0.000000  1.875000  1.75131357
0.000000  1.916667  1.75218730
0.000000  1.958333  1.75298187
0.000000  2.000000  1.75370438

0.052360  -3.000000  0.00432618
0.052360  -2.958333  0.00476061
0.052360  -2.916667  0.00523853
0.052360  -2.875000  0.00576426
0.052360  -2.833333  0.00634257
0.052360  -2.791667  0.00697866
0.052360  -2.750000  0.00767826
0.052360  -2.708333  0.00844765
0.052360  -2.666667  0.00929373
0.052360  -2.625000  0.01022404
0.052360  -2.583333  0.01124687
0.052360  -2.541667  0.01237129
0.052360  -2.500000  0.01360724
0.052360  -2.458333  0.01496560
0.052360  -2.416667  0.01645826
0.052360  -2.375000  0.01809823
0.052360  -2.333333  0.01989972
0.052360  -2.291667  0.02187825
0.052360  -2.250000  0.02405074
0.052360  -2.208333  0.02643563
0.052360  -2.166667  0.02905300
0.052360  -2.125000  0.03192467
0.052360  -2.083333  0.03507435
0.052360  -2.041667  0.03852776
0.052360  -2.000000  0.04231274
0.052360  -1.958333  0.04645939
0.052360  -1.916667  0.05100019
0.052360  -1.875000  0.05597011
0.052360  -1.833333  0.06140671
0.052360  -1.791667  0.06735025
0.052360  -1.750000  0.07384374
0.052360  -1.708333  0.08093298
0.052360  -1.666667  0.08866658
0.052360  -1.625000  0.09709591
0.052360  -1.583333  0.10627502
0.052360  -1.541667  0.11626051
0.052360  -1.500000  0.12711128
0.052360  -1.458333  0.13888821
0.052360  -1.416667  0.15165382
0.052360  -1.375000  0.16547168
0.052360  -1.333333  0.18040582
0.052360  -1.291667  0.19651998
0.052360  -1.250000  0.21387665
0.052360  -1.208333  0.23253606
0.052360  -1.166667  0.25255501
0.052360  -1.125000  0.27398550
0.052360  -1.083333  0.29687328
0.052360  -1.041667  0.32125633
0.052360  -1.000000  0.34716320
0.052360  -0.958333  0.37461135
0.052360  -0.916667  0.40360551
0.052360  -0.875000  0.43413606
0.052360  -0.833333  0.46617770
0.052360  -0.791667  0.49968810
0.052360  -0.750000  0.53460711
0.052360  -0.708333  0.57085609
0.052360  -0.666667  0.60833786
0.052360  -0.625000  0.64693698
0.052360  -0.583333  0.68652070
0.052360  -0.541667  0.72694031
0.052360  -0.500000  0.76803307
0.052360  -0.458333  0.80962465
0.052360  -0.416667  0.85153192
0.052360  -0.375000  0.89356612
0.052360  -0.333333  0.93553619
0.052360  -0.291667  0.97725224
0.052360  -0.250000  1.01852891
0.052360  -0.208333  1.05918866
0.052360  -0.166667  1.09906465
0.052360  -0.125000  1.13800331
0.052360  -0.083333  1.17586645
0.052360  -0.041667  1.21253281
0.052360  0.000000  1.24789915
0.052360  0.041667  1.28188071
0.052360  0.083333  1.31441129
0.052360  0.125000  1.34544280
0.052360  0.166667  1.37494443
0.052360  0.208333  1.40290157
0.052360  0.250000  1.42931439
0.052360  0.291667  1.45419634
0.052360  0.333333  1.47757250
0.052360  0.375000  1.49947792
0.052360  0.416667  1.51995598
0.052360  0.458333  1.53905680
0.052360  0.500000  1.55683574
0.052360  0.541667  1.57335203
0.052360  0.583333  1.58866757
0.052360  0.625000  1.60284576
0.052360  0.666667  1.61595064
0.052360  0.708333  1.62804602
0.052360  0.750000  1.63919480
0.052360  0.791667  1.64945848
0.052360  0.833333  1.65889663
0.052360  0.875000  1.66756664
0.052360  0.916667  1.67552342
0.052360  0.958333  1.68281924
0.052360  1.000000  1.68950361
0.052360  1.041667  1.69562328
0.052360  1.083333  1.70122215
0.052360  1.125000  1.70634139
0.052360  1.166667  1.71101944
0.052360  1.208333  1.71529211
0.052360  1.250000  1.71919269
0.052360  1.291667  1.72275205
0.052360  1.333333  1.72599876
0.052360  1.375000  1.72895923
0.052360  1.416667  1.73165779
0.052360  1.458333  1.73411690
0.052360  1.500000  1.73635718
0.052360  1.541667  1.73839761
0.052360  1.583333  1.74025559
0.052360  1.625000  1.74194709
0.052360  1.666667  1.74348675
0.052360  1.708333  1.74488794
0.052360  1.750000  1.74616293
0.052360  1.791667  1.74732292
0.052360  1.833333  1.74837814
0.052360  1.875000  1.74933795
0.052360  1.916667  1.75021088
0.052360  1.958333  1.75100472
0.052360  2.000000  1.75172657

0.104720  -3.000000  0.00430839
0.104720  -2.958333  0.00474104
0.104720  -2.916667  0.00521699
0.104720  -2.875000  0.00574057
0.104720  -2.833333  0.00631650
0.104720  -2.791667  0.00694998
0.104720  -2.750000  0.00764671
0.104720  -2.708333  0.00841294
0.104720  -2.666667  0.00925554
0.104720  -2.625000  0.01018203
0.104720  -2.583333  0.01120067
0.104720  -2.541667  0.01232048
0.104720  -2.500000  0.01355136
0.104720  -2.458333  0.01490415
0.104720  -2.416667  0.01639069
0.104720  -2.375000  0.01802394
0.104720  -2.333333  0.01981805
0.104720  -2.291667  0.02178849
0.104720  -2.250000  0.02395209
0.104720  -2.208333  0.02632722
0.104720  -2.166667  0.02893389
0.104720  -2.125000  0.03179383
0.104720  -2.083333  0.03493066
0.104720  -2.041667  0.03836999
0.104720  -2.000000  0.04213954
0.104720  -1.958333  0.04626931
0.104720  -1.916667  0.05079164
0.104720  -1.875000  0.05574136
0.104720  -1.833333  0.06115590
0.104720  -1.791667  0.06707535
0.104720  -1.750000  0.07354256
0.104720  -1.708333  0.08060315
0.104720  -1.666667  0.08830555
0.104720  -1.625000  0.09670094
0.104720  -1.583333  0.10584317
0.104720  -1.541667  0.11578862
0.104720  -1.500000  0.12659598
0.104720  -1.458333  0.13832593
0.104720  -1.416667  0.15104074
0.104720  -1.375000  0.16480380
0.104720  -1.333333  0.17967891
0.104720  -1.291667  0.19572958
0.104720  -1.250000  0.21301814
0.104720  -1.208333  0.23160464
0.104720  -1.166667  0.25154570
0.104720  -1.125000  0.27289319
0.104720  -1.083333  0.29569280
0.104720  -1.041667  0.31998242
0.104720  -1.000000  0.34579059
0.104720  -0.958333  0.37313481
0.104720  -0.916667  0.40201988
0.104720  -0.875000  0.43243636
0.104720  -0.833333  0.46435913
0.104720  -0.791667  0.49774615
0.104720  -0.750000  0.53253759
0.104720  -0.708333  0.56865522
0.104720  -0.666667  0.60600231
0.104720  -0.625000  0.64446396
0.104720  -0.583333  0.68390795
0.104720  -0.541667  0.72418618
0.104720  -0.500000  0.76513655
0.104720  -0.458333  0.80658537
0.104720  -0.416667  0.84835017
0.104720  -0.375000  0.89024283
0.104720  -0.333333  0.93207294
0.104720  -0.291667  0.97365120
0.104720  -0.250000  1.01479283
0.104720  -0.208333  1.05532080
0.104720  -0.166667  1.09506874
0.104720  -0.125000  1.13388348
0.104720  -0.083333  1.17162718
0.104720  -0.041667  1.20817888
0.104720  0.000000  1.24343551
0.104720  0.041667  1.27731251
0.104720  0.083333  1.30974375
0.104720  0.125000  1.34068118
0.104720  0.166667  1.37009400
0.104720  0.208333  1.39796752
0.104720  0.250000  1.42430184
0.104720  0.291667  1.44911027
0.104720  0.333333  1.47241774
0.104720  0.375000  1.49425913
0.104720  0.416667  1.51467762
0.104720  0.458333  1.53372313
0.104720  0.500000  1.55145080
0.104720  0.541667  1.56791965
0.104720  0.583333  1.58319136
0.104720  0.625000  1.59732912
0.104720  0.666667  1.61039674
0.104720  0.708333  1.62245782
0.104720  0.750000  1.63357508
0.104720  0.791667  1.64380981
0.104720  0.833333  1.65322140
0.104720  0.875000  1.66186707
0.104720  0.916667  1.66980155
0.104720  0.958333  1.67707695
0.104720  1.000000  1.68374265
0.104720  1.041667  1.68984524
0.104720  1.083333  1.69542852
0.104720  1.125000  1.70053352
0.104720  1.166667  1.70519857
0.104720  1.208333  1.70945938
0.104720  1.250000  1.71334914
0.104720  1.291667  1.71689864
0.104720  1.333333  1.72013636
0.104720  1.375000  1.72308863
0.104720  1.416667  1.72577973
0.104720  1.458333  1.72823204
0.104720  1.500000  1.73046614
0.104720  1.541667  1.73250093
0.104720  1.583333  1.73435379
0.104720  1.625000  1.73604062
0.104720  1.666667  1.73757603
0.104720  1.708333  1.73897336
0.104720  1.750000  1.74024483
0.104720  1.791667  1.74140163
0.104720  1.833333  1.74245395
0.104720  1.875000  1.74341111
0.104720  1.916667  1.74428164
0.104720  1.958333  1.74507330
0.104720  2.000000  1.74579316

0.157080  -3.000000  0.00427881
0.157080  -2.958333  0.00470848
0.157080  -2.916667  0.00518117
0.157080  -2.875000  0.00570115
0.157080  -2.833333  0.00627313
0.157080  -2.791667  0.00690226
0.157080  -2.750000  0.00759421
0.157080  -2.708333  0.00835519
0.157080  -2.666667  0.00919201
0.157080  -2.625000  0.01011215
0.157080  -2.583333  0.01112380
0.157080  -2.541667  0.01223594
0.157080  -2.500000  0.01345839
0.157080  -2.458333  0.01480191
0.157080  -2.416667  0.01627827
0.157080  -2.375000  0.01790035
0.157080  -2.333333  0.01968219
0.157080  -2.291667  0.02163914
0.157080  -2.250000  0.02378796
0.157080  -2.208333  0.02614687
0.157080  -2.166667  0.02873574
0.157080  -2.125000  0.03157616
0.157080  -2.083333  0.03469160
0.157080  -2.041667  0.03810749
0.157080  -2.000000  0.04185138
0.157080  -1.958333  0.04595306
0.157080  -1.916667  0.05044466
0.157080  -1.875000  0.05536078
0.157080  -1.833333  0.06073861
0.157080  -1.791667  0.06661798
0.157080  -1.750000  0.07304146
0.157080  -1.708333  0.08005438
0.157080  -1.666667  0.08770487
0.157080  -1.625000  0.09604378
0.157080  -1.583333  0.10512463
0.157080  -1.541667  0.11500345
0.157080  -1.500000  0.12573858
0.157080  -1.458333  0.13739034
0.157080  -1.416667  0.15002063
0.157080  -1.375000  0.16369247
0.157080  -1.333333  0.17846932
0.157080  -1.291667  0.19441434
0.157080  -1.250000  0.21158953
0.157080  -1.208333  0.23005465
0.157080  -1.166667  0.24986605
0.157080  -1.125000  0.27107541
0.157080  -1.083333  0.29372821
0.157080  -1.041667  0.31786228
0.157080  -1.000000  0.34350612
0.157080  -0.958333  0.37067729
0.157080  -0.916667  0.39938072
0.157080  -0.875000  0.42960723
0.157080  -0.833333  0.46133203
0.157080  -0.791667  0.49451355
0.157080  -0.750000  0.52909250
0.157080  -0.708333  0.56499134
0.157080  -0.666667  0.60211407
0.157080  -0.625000  0.64034666
0.157080  -0.583333  0.67955784
0.157080  -0.541667  0.71960048
0.157080  -0.500000  0.76031355
0.157080  -0.458333  0.80152444
0.157080  -0.416667  0.84305176
0.157080  -0.375000  0.88470850
0.157080  -0.333333  0.92630527
0.157080  -0.291667  0.96765381
0.157080  -0.250000  1.00857028
0.157080  -0.208333  1.04887850
0.157080  -0.166667  1.08841290
0.157080  -0.125000  1.12702098
0.157080  -0.083333  1.16456548
0.157080  -0.041667  1.20092589
0.157080  0.000000  1.23599954
0.157080  0.041667  1.26970209
0.157080  0.083333  1.30196760
0.157080  0.125000  1.33274807
0.157080  0.166667  1.36201269
0.157080  0.208333  1.38974670
0.157080  0.250000  1.41595001
0.157080  0.291667  1.44063575
0.157080  0.333333  1.46382859
0.157080  0.375000  1.48556312
0.157080  0.416667  1.50588219
0.157080  0.458333  1.52483538
0.157080  0.500000  1.54247748
0.157080  0.541667  1.55886715
0.157080  0.583333  1.57406569
0.157080  0.625000  1.58813595
0.157080  0.666667  1.60114138
0.157080  0.708333  1.61314522
0.157080  0.750000  1.62420986
0.157080  0.791667  1.63439626
0.157080  0.833333  1.64376352
0.157080  0.875000  1.65236854
0.157080  0.916667  1.66026578
0.157080  0.958333  1.66750710
0.157080  1.000000  1.67414163
0.157080  1.041667  1.68021572
0.157080  1.083333  1.68577296
0.157080  1.125000  1.69085418
0.157080  1.166667  1.69549752
0.157080  1.208333  1.69973853
0.157080  1.250000  1.70361023
0.157080  1.291667  1.70714326
0.157080  1.333333  1.71036597
0.157080  1.375000  1.71330456
0.157080  1.416667  1.71598320
0.157080  1.458333  1.71842417
0.157080  1.500000  1.72064793
0.157080  1.541667  1.72267332
0.157080  1.583333  1.72451761
0.157080  1.625000  1.72619666
0.157080  1.666667  1.72772498
0.157080  1.708333  1.72911586
0.157080  1.750000  1.73038147
0.157080  1.791667  1.73153293
0.157080  1.833333  1.73258039
0.157080  1.875000  1.73353315
0.157080  1.916667  1.73439966
0.157080  1.958333  1.73518767
0.157080  2.000000  1.73590421

0.209440  -3.000000  0.00423749
0.209440  -2.958333  0.00466302
0.209440  -2.916667  0.00513115
0.209440  -2.875000  0.00564611
0.209440  -2.833333  0.00621258
0.209440  -2.791667  0.00683564
0.209440  -2.750000  0.00752092
0.209440  -2.708333  0.00827456
0.209440  -2.666667  0.00910331
0.209440  -2.625000  0.01001459
0.209440  -2.583333  0.01101649
0.209440  -2.541667  0.01211791
0.209440  -2.500000  0.01332858
0.209440  -2.458333  0.01465917
0.209440  -2.416667  0.01612132
0.209440  -2.375000  0.01772779
0.209440  -2.333333  0.01949249
0.209440  -2.291667  0.02143063
0.209440  -2.250000  0.02355879
0.209440  -2.208333  0.02589505
0.209440  -2.166667  0.02845907
0.209440  -2.125000  0.03127224
0.209440  -2.083333  0.03435781
0.209440  -2.041667  0.03774098
0.209440  -2.000000  0.04144904
0.209440  -1.958333  0.04551149
0.209440  -1.916667  0.04996017
0.209440  -1.875000  0.05482938
0.209440  -1.833333  0.06015594
0.209440  -1.791667  0.06597934
0.209440  -1.750000  0.07234175
0.209440  -1.708333  0.07928810
0.209440  -1.666667  0.08686609
0.209440  -1.625000  0.09512611
0.209440  -1.583333  0.10412124
0.209440  -1.541667  0.11390700
0.209440  -1.500000  0.12454124
0.209440  -1.458333  0.13608377
0.209440  -1.416667  0.14859599
0.209440  -1.375000  0.16214041
0.209440  -1.333333  0.17677998
0.209440  -1.291667  0.19257739
0.209440  -1.250000  0.20959418
0.209440  -1.208333  0.22788969
0.209440  -1.166667  0.24751992
0.209440  -1.125000  0.26853621
0.209440  -1.083333  0.29098385
0.209440  -1.041667  0.31490050
0.209440  -1.000000  0.34031463
0.209440  -0.958333  0.36724386
0.209440  -0.916667  0.39569334
0.209440  -0.875000  0.42565422
0.209440  -0.833333  0.45710218
0.209440  -0.791667  0.48999629
0.209440  -0.750000  0.52427803
0.209440  -0.708333  0.55987079
0.209440  -0.666667  0.59667964
0.209440  -0.625000  0.63459172
0.209440  -0.583333  0.67347708
0.209440  -0.541667  0.71319000
0.209440  -0.500000  0.75357090
0.209440  -0.458333  0.79444868
0.209440  -0.416667  0.83564351
0.209440  -0.375000  0.87696986
0.209440  -0.333333  0.91823985
0.209440  -0.291667  0.95926662
0.209440  -0.250000  0.99986765
0.209440  -0.208333  1.03986801
0.209440  -0.166667  1.07910318
0.209440  -0.125000  1.11742165
0.209440  -0.083333  1.15468696
0.209440  -0.041667  1.19077925
0.209440  0.000000  1.22559638
0.209440  0.041667  1.25905437
0.209440  0.083333  1.29108749
0.209440  0.125000  1.32164788
0.209440  0.166667  1.35070468
0.209440  0.208333  1.37824301
0.209440  0.250000  1.40426259
0.209440  0.291667  1.42877624
0.209440  0.333333  1.45180828
0.209440  0.375000  1.47339289
0.209440  0.416667  1.49357248
0.209440  0.458333  1.51239614
0.209440  0.500000  1.52991818
0.209440  0.541667  1.54619675
0.209440  0.583333  1.56129264
0.209440  0.625000  1.57526818
0.209440  0.666667  1.58818632
0.209440  0.708333  1.60010984
0.209440  0.750000  1.61110063
0.209440  0.791667  1.62121921
0.209440  0.833333  1.63052424
0.209440  0.875000  1.63907221
0.209440  0.916667  1.64691720
0.209440  0.958333  1.65411069
0.209440  1.000000  1.66070146
0.209440  1.041667  1.66673555
0.209440  1.083333  1.67225624
0.209440  1.125000  1.67730409
0.209440  1.166667  1.68191696
0.209440  1.208333  1.68613017
0.209440  1.250000  1.68997651
0.209440  1.291667  1.69348642
0.209440  1.333333  1.69668806
0.209440  1.375000  1.69960746
0.209440  1.416667  1.70226861
0.209440  1.458333  1.70469364
0.209440  1.500000  1.70690290
0.209440  1.541667  1.70891509
0.209440  1.583333  1.71074737
0.209440  1.625000  1.71241548
0.209440  1.666667  1.71393384
0.209440  1.708333  1.71531567
0.209440  1.750000  1.71657305
0.209440  1.791667  1.71771701
0.209440  1.833333  1.71875767
0.209440  1.875000  1.71970423
0.209440  1.916667  1.72056511
0.209440  1.958333  1.72134799
0.209440  2.000000  1.72205988

0.261799  -3.000000  0.00418457
0.261799  -2.958333  0.00460479
0.261799  -2.916667  0.00506707
0.261799  -2.875000  0.00557561
0.261799  -2.833333  0.00613501
0.261799  -2.791667  0.00675030
0.261799  -2.750000  0.00742702
0.261799  -2.708333  0.00817127
0.261799  -2.666667  0.00898969
0.261799  -2.625000  0.00988960
0.261799  -2.583333  0.01087901
0.261799  -2.541667  0.01196671
0.261799  -2.500000  0.01316230
0.261799  -2.458333  0.01447631
0.261799  -2.416667  0.01592026
0.261799  -2.375000  0.01750673
0.261799  -2.333333  0.01924948
0.261799  -2.291667  0.02116351
0.261799  -2.250000  0.02326522
0.261799  -2.208333  0.02557244
0.261799  -2.166667  0.02810462
0.261799  -2.125000  0.03088289
0.261799  -2.083333  0.03393019
0.261799  -2.041667  0.03727143
0.261799  -2.000000  0.04093357
0.261799  -1.958333  0.04494576
0.261799  -1.916667  0.04933946
0.261799  -1.875000  0.05414855
0.261799  -1.833333  0.05940942
0.261799  -1.791667  0.06516109
0.261799  -1.750000  0.07144524
0.261799  -1.708333  0.07830629
0.261799  -1.666667  0.08579136
0.261799  -1.625000  0.09395029
0.261799  -1.583333  0.10283554
0.261799  -1.541667  0.11250203
0.261799  -1.500000  0.12300695
0.261799  -1.458333  0.13440947
0.261799  -1.416667  0.14677034
0.261799  -1.375000  0.16015139
0.261799  -1.333333  0.17461496
0.261799  -1.291667  0.19022310
0.261799  -1.250000  0.20703678
0.261799  -1.208333  0.22511478
0.261799  -1.166667  0.24451264
0.261799  -1.125000  0.26528131
0.261799  -1.083333  0.28746576
0.261799  -1.041667  0.31110348
0.261799  -1.000000  0.33622287
0.261799  -0.958333  0.36284164
0.261799  -0.916667  0.39096520
0.261799  -0.875000  0.42058511
0.261799  -0.833333  0.45167768
0.261799  -0.791667  0.48420276
0.261799  -0.750000  0.51810285
0.261799  -0.708333  0.55330248
0.261799  -0.666667  0.58970812
0.261799  -0.625000  0.62720843
0.261799  -0.583333  0.66567511
0.261799  -0.541667  0.70496426
0.261799  -0.500000  0.74491818
0.261799  -0.458333  0.78536771
0.261799  -0.416667  0.82613497
0.261799  -0.375000  0.86703641
0.261799  -0.333333  0.90788604
0.261799  -0.291667  0.94849882
0.261799  -0.250000  0.98869397
0.261799  -0.208333  1.02829809
0.261799  -0.166667  1.06714811
0.261799  -0.125000  1.10509374
0.261799  -0.083333  1.14199956
0.261799  -0.041667  1.17774659
0.261799  0.000000  1.21223333
0.261799  0.041667  1.24537629
0.261799  0.083333  1.27711005
0.261799  0.125000  1.30738686
0.261799  0.166667  1.33617587
0.261799  0.208333  1.36346203
0.261799  0.250000  1.38924480
0.261799  0.291667  1.41353664
0.261799  0.333333  1.43636139
0.261799  0.375000  1.45775272
0.261799  0.416667  1.47775248
0.261799  0.458333  1.49640914
0.261799  0.500000  1.51377637
0.261799  0.541667  1.52991167
0.261799  0.583333  1.54487517
0.261799  0.625000  1.55872855
0.261799  0.666667  1.57153412
0.261799  0.708333  1.58335403
0.261799  0.750000  1.59424957
0.261799  0.791667  1.60428067
0.261799  0.833333  1.61350543
0.261799  0.875000  1.62197981
0.261799  0.916667  1.62975738
0.261799  0.958333  1.63688917
0.261799  1.000000  1.64342349
0.261799  1.041667  1.64940598
0.261799  1.083333  1.65487951
0.261799  1.125000  1.65988429
0.261799  1.166667  1.66445786
0.261799  1.208333  1.66863520
0.261799  1.250000  1.67244883
0.261799  1.291667  1.67592892
0.261799  1.333333  1.67910337
0.261799  1.375000  1.68199799
0.261799  1.416667  1.68463658
0.261799  1.458333  1.68704106
0.261799  1.500000  1.68923160
0.261799  1.541667  1.69122675
0.261799  1.583333  1.69304353
0.261799  1.625000  1.69469752
0.261799  1.666667  1.69620305
0.261799  1.708333  1.69757320
0.261799  1.750000  1.69881995
0.261799  1.791667  1.69995425
0.261799  1.833333  1.70098611
0.261799  1.875000  1.70192468
0.261799  1.916667  1.70277829
0.261799  1.958333  1.70355457
0.261799  2.000000  1.70426045

0.314159  -3.000000  0.00412019
0.314159  -2.958333  0.00453394
0.314159  -2.916667  0.00498911
0.314159  -2.875000  0.00548984
0.314159  -2.833333  0.00604063
0.314159  -2.791667  0.00664646
0.314159  -2.750000  0.00731279
0.314159  -2.708333  0.00804559
0.314159  -2.666667  0.00885144
0.314159  -2.625000  0.00973753
0.314159  -2.583333  0.01071175
0.314159  -2.541667  0.01178274
0.314159  -2.500000  0.01295998
0.314159  -2.458333  0.01425383
0.314159  -2.416667  0.01567563
0.314159  -2.375000  0.01723777
0.314159  -2.333333  0.01895380
0.314159  -2.291667  0.02083850
0.314159  -2.250000  0.02290802
0.314159  -2.208333  0.02517993
0.314159  -2.166667  0.02767336
0.314159  -2.125000  0.03040914
0.314159  -2.083333  0.03340988
0.314159  -2.041667  0.03670010
0.314159  -2.000000  0.04030636
0.314159  -1.958333  0.04425739
0.314159  -1.916667  0.04858417
0.314159  -1.875000  0.05332009
0.314159  -1.833333  0.05850101
0.314159  -1.791667  0.06416538
0.314159  -1.750000  0.07035429
0.314159  -1.708333  0.07711149
0.314159  -1.666667  0.08448346
0.314159  -1.625000  0.09251933
0.314159  -1.583333  0.10127082
0.314159  -1.541667  0.11079209
0.314159  -1.500000  0.12113956
0.314159  -1.458333  0.13237160
0.314159  -1.416667  0.14454816
0.314159  -1.375000  0.15773027
0.314159  -1.333333  0.17197948
0.314159  -1.291667  0.18735710
0.314159  -1.250000  0.20392334
0.314159  -1.208333  0.22173637
0.314159  -1.166667  0.24085111
0.314159  -1.125000  0.26131803
0.314159  -1.083333  0.28318173
0.314159  -1.041667  0.30647945
0.314159  -1.000000  0.33123953
0.314159  -0.958333  0.35747977
0.314159  -0.916667  0.38520588
0.314159  -0.875000  0.41440992
0.314159  -0.833333  0.44506895
0.314159  -0.791667  0.47714378
0.314159  -0.750000  0.51057811
0.314159  -0.708333  0.54529791
0.314159  -0.666667  0.58121129
0.314159  -0.625000  0.61820878
0.314159  -0.583333  0.65616412
0.314159  -0.541667  0.69493558
0.314159  -0.500000  0.73436777
0.314159  -0.458333  0.77429390
0.314159  -0.416667  0.81453851
0.314159  -0.375000  0.85492041
0.314159  -0.333333  0.89525596
0.314159  -0.291667  0.93536236
0.314159  -0.250000  0.97506092
0.314159  -0.208333  1.01418017
0.314159  -0.166667  1.05255877
0.314159  -0.125000  1.09004797
0.314159  -0.083333  1.12651362
0.314159  -0.041667  1.16183782
0.314159  0.000000  1.19591987
0.314159  0.041667  1.22867690
0.314159  0.083333  1.26004386
0.314159  0.125000  1.28997316
0.314159  0.166667  1.31843396
0.314159  0.208333  1.34541103
0.314159  0.250000  1.37090349
0.314159  0.291667  1.39492336
0.314159  0.333333  1.41749393
0.314159  0.375000  1.43864825
0.314159  0.416667  1.45842745
0.314159  0.458333  1.47687927
0.314159  0.500000  1.49405660
0.314159  0.541667  1.51001614
0.314159  0.583333  1.52481722
0.314159  0.625000  1.53852072
0.314159  0.666667  1.55118818
0.314159  0.708333  1.56288095
0.314159  0.750000  1.57365961
0.314159  0.791667  1.58358334
0.314159  0.833333  1.59270959
0.314159  0.875000  1.60109365
0.314159  0.916667  1.60878849
0.314159  0.958333  1.61584454
0.314159  1.000000  1.62230958
0.314159  1.041667  1.62822872
0.314159  1.083333  1.63364438
0.314159  1.125000  1.63859630
0.314159  1.166667  1.64312161
0.314159  1.208333  1.64725493
0.314159  1.250000  1.65102840
0.314159  1.291667  1.65447187
0.314159  1.333333  1.65761295
0.314159  1.375000  1.66047716
0.314159  1.416667  1.66308804
0.314159  1.458333  1.66546729
0.314159  1.500000  1.66763486
0.314159  1.541667  1.66960910
0.314159  1.583333  1.67140683
0.314159  1.625000  1.67304350
0.314159  1.666667  1.67453327
0.314159  1.708333  1.67588907
0.314159  1.750000  1.67712277
0.314159  1.791667  1.67824521
0.314159  1.833333  1.67926628
0.314159  1.875000  1.68019503
0.314159  1.916667  1.68103973
0.314159  1.958333  1.68180789
0.314159  2.000000  1.68250639

0.366519  -3.000000  0.00404451
0.366519  -2.958333  0.00445067
0.366519  -2.916667  0.00489749
0.366519  -2.875000  0.00538902
0.366519  -2.833333  0.00592971
0.366519  -2.791667  0.00652442
0.366519  -2.750000  0.00717853
0.366519  -2.708333  0.00789789
0.366519  -2.666667  0.00868896
0.366519  -2.625000  0.00955879
0.366519  -2.583333  0.01051515
0.366519  -2.541667  0.01156652
0.366519  -2.500000  0.01272219
0.366519  -2.458333  0.01399233
0.366519  -2.416667  0.01538809
0.366519  -2.375000  0.01692163
0.366519  -2.333333  0.01860626
0.366519  -2.291667  0.02045649
0.366519  -2.250000  0.02248816
0.366519  -2.208333  0.02471855
0.366519  -2.166667  0.02716644
0.366519  -2.125000  0.02985228
0.366519  -2.083333  0.03279827
0.366519  -2.041667  0.03602851
0.366519  -2.000000  0.03956908
0.366519  -1.958333  0.04344819
0.366519  -1.916667  0.04769630
0.366519  -1.875000  0.05234619
0.366519  -1.833333  0.05743311
0.366519  -1.791667  0.06299483
0.366519  -1.750000  0.06907172
0.366519  -1.708333  0.07570681
0.366519  -1.666667  0.08294577
0.366519  -1.625000  0.09083690
0.366519  -1.583333  0.09943106
0.366519  -1.541667  0.10878152
0.366519  -1.500000  0.11894377
0.366519  -1.458333  0.12997525
0.366519  -1.416667  0.14193495
0.366519  -1.375000  0.15488298
0.366519  -1.333333  0.16887993
0.366519  -1.291667  0.18398622
0.366519  -1.250000  0.20026123
0.366519  -1.208333  0.21776231
0.366519  -1.166667  0.23654371
0.366519  -1.125000  0.25665530
0.366519  -1.083333  0.27814123
0.366519  -1.041667  0.30103846
0.366519  -1.000000  0.32537522
0.366519  -0.958333  0.35116942
0.366519  -0.916667  0.37842709
0.366519  -0.875000  0.40714091
0.366519  -0.833333  0.43728875
0.366519  -0.791667  0.46883258
0.366519  -0.750000  0.50171748
0.366519  -0.708333  0.53587113
0.366519  -0.666667  0.57120355
0.366519  -0.625000  0.60760747
0.366519  -0.583333  0.64495903
0.366519  -0.541667  0.68311906
0.366519  -0.500000  0.72193488
0.366519  -0.458333  0.76124252
0.366519  -0.416667  0.80086933
0.366519  -0.375000  0.84063698
0.366519  -0.333333  0.88036457
0.366519  -0.291667  0.91987195
0.366519  -0.250000  0.95898291
0.366519  -0.208333  0.99752831
0.366519  -0.166667  1.03534885
0.366519  -0.125000  1.07229758
0.366519  -0.083333  1.10824193
0.366519  -0.041667  1.14306523
0.366519  0.000000  1.17666780
0.366519  0.041667  1.20896746
0.366519  0.083333  1.23989964
0.366519  0.125000  1.26941697
0.366519  0.166667  1.29748860
0.366519  0.208333  1.32409910
0.366519  0.250000  1.34924722
0.366519  0.291667  1.37294446
0.366519  0.333333  1.39521348
0.366519  0.375000  1.41608656
0.366519  0.416667  1.43560403
0.366519  0.458333  1.45381274
0.366519  0.500000  1.47076466
0.366519  0.541667  1.48651556
0.366519  0.583333  1.50112382
0.366519  0.625000  1.51464938
0.366519  0.666667  1.52715283
0.366519  0.708333  1.53869465
0.366519  0.750000  1.54933450
0.366519  0.791667  1.55913074
0.366519  0.833333  1.56813999
0.366519  0.875000  1.57641679
0.366519  0.916667  1.58401336
0.366519  0.958333  1.59097945
0.366519  1.000000  1.59736219
0.366519  1.041667  1.60320609
0.366519  1.083333  1.60855299
0.366519  1.125000  1.61344212
0.366519  1.166667  1.61791011
0.366519  1.208333  1.62199112
0.366519  1.250000  1.62571688
0.366519  1.291667  1.62911685
0.366519  1.333333  1.63221828
0.366519  1.375000  1.63504636
0.366519  1.416667  1.63762433
0.366519  1.458333  1.63997360
0.366519  1.500000  1.64211388
0.366519  1.541667  1.64406326
0.366519  1.583333  1.64583838
0.366519  1.625000  1.64745446
0.366519  1.666667  1.64892550
0.366519  1.708333  1.65026426
0.366519  1.750000  1.65148246
0.366519  1.791667  1.65259080
0.366519  1.833333  1.65359905
0.366519  1.875000  1.65451614
0.366519  1.916667  1.65535023
0.366519  1.958333  1.65610875
0.366519  2.000000  1.65679849

0.418879  -3.000000  0.00395775
0.418879  -2.958333  0.00435520
0.418879  -2.916667  0.00479244
0.418879  -2.875000  0.00527344
0.418879  -2.833333  0.00580254
0.418879  -2.791667  0.00638451
0.418879  -2.750000  0.00702460
0.418879  -2.708333  0.00772855
0.418879  -2.666667  0.00850267
0.418879  -2.625000  0.00935388
0.418879  -2.583333  0.01028976
0.418879  -2.541667  0.01131862
0.418879  -2.500000  0.01244955
0.418879  -2.458333  0.01369252
0.418879  -2.416667  0.01505843
0.418879  -2.375000  0.01655918
0.418879  -2.333333  0.01820780
0.418879  -2.291667  0.02001849
0.418879  -2.250000  0.02200678
0.418879  -2.208333  0.02418955
0.418879  -2.166667  0.02658522
0.418879  -2.125000  0.02921379
0.418879  -2.083333  0.03209700
0.418879  -2.041667  0.03525845
0.418879  -2.000000  0.03872369
0.418879  -1.958333  0.04252033
0.418879  -1.916667  0.04667820
0.418879  -1.875000  0.05122942
0.418879  -1.833333  0.05620851
0.418879  -1.791667  0.06165248
0.418879  -1.750000  0.06760089
0.418879  -1.708333  0.07409590
0.418879  -1.666667  0.08118226
0.418879  -1.625000  0.08890733
0.418879  -1.583333  0.09732097
0.418879  -1.541667  0.10647541
0.418879  -1.500000  0.11642511
0.418879  -1.458333  0.12722639
0.418879  -1.416667  0.13893718
0.418879  -1.375000  0.15161648
0.418879  -1.333333  0.16532381
0.418879  -1.291667  0.18011856
0.418879  -1.250000  0.19605910
0.418879  -1.208333  0.21320189
0.418879  -1.166667  0.23160035
0.418879  -1.125000  0.25130368
0.418879  -1.083333  0.27235550
0.418879  -1.041667  0.29479240
0.418879  -1.000000  0.31864250
0.418879  -0.958333  0.34392379
0.418879  -0.916667  0.37064271
0.418879  -0.875000  0.39879255
0.418879  -0.833333  0.42835218
0.418879  -0.791667  0.45928482
0.418879  -0.750000  0.49153718
0.418879  -0.708333  0.52503883
0.418879  -0.666667  0.55970202
0.418879  -0.625000  0.59542198
0.418879  -0.583333  0.63207760
0.418879  -0.541667  0.66953266
0.418879  -0.500000  0.70763762
0.418879  -0.458333  0.74623171
0.418879  -0.416667  0.78514558
0.418879  -0.375000  0.82420413
0.418879  -0.333333  0.86322969
0.418879  -0.291667  0.90204515
0.418879  -0.250000  0.94047721
0.418879  -0.208333  0.97835937
0.418879  -0.166667  1.01553474
0.418879  -0.125000  1.05185849
0.418879  -0.083333  1.08719984
0.418879  -0.041667  1.12144361
0.418879  0.000000  1.15449128
0.418879  0.041667  1.18626153
0.418879  0.083333  1.21669032
0.418879  0.125000  1.24573057
0.418879  0.166667  1.27335143
0.418879  0.208333  1.29953727
0.418879  0.250000  1.32428641
0.418879  0.291667  1.34760976
0.418879  0.333333  1.36952925
0.418879  0.375000  1.39007631
0.418879  0.416667  1.40929033
0.418879  0.458333  1.42721714
0.418879  0.500000  1.44390766
0.418879  0.541667  1.45941658
0.418879  0.583333  1.47380119
0.418879  0.625000  1.48712033
0.418879  0.666667  1.49943353
0.418879  0.708333  1.51080020
0.418879  0.750000  1.52127900
0.418879  0.791667  1.53092730
0.418879  0.833333  1.53980079
0.418879  0.875000  1.54795310
0.418879  0.916667  1.55543563
0.418879  0.958333  1.56229730
0.418879  1.000000  1.56858452
0.418879  1.041667  1.57434109
0.418879  1.083333  1.57960818
0.418879  1.125000  1.58442442
0.418879  1.166667  1.58882587
0.418879  1.208333  1.59284616
0.418879  1.250000  1.59651654
0.418879  1.291667  1.59986601
0.418879  1.333333  1.60292141
0.418879  1.375000  1.60570754
0.418879  1.416667  1.60824729
0.418879  1.458333  1.61056176
0.418879  1.500000  1.61267035
0.418879  1.541667  1.61459088
0.418879  1.583333  1.61633973
0.418879  1.625000  1.61793192
0.418879  1.666667  1.61938121
0.418879  1.708333  1.62070019
0.418879  1.750000  1.62190039
0.418879  1.791667  1.62299236
0.418879  1.833333  1.62398572
0.418879  1.875000  1.62488927
0.418879  1.916667  1.62571105
0.418879  1.958333  1.62645837
0.418879  2.000000  1.62713794

0.471239  -3.000000  0.00386015
0.471239  -2.958333  0.00424780
0.471239  -2.916667  0.00467427
0.471239  -2.875000  0.00514341
0.471239  -2.833333  0.00565947
0.471239  -2.791667  0.00622710
0.471239  -2.750000  0.00685142
0.471239  -2.708333  0.00753803
0.471239  -2.666667  0.00829309
0.471239  -2.625000  0.00912334
0.471239  -2.583333  0.01003619
0.471239  -2.541667  0.01103972
0.471239  -2.500000  0.01214283
0.471239  -2.458333  0.01335522
0.471239  -2.416667  0.01468753
0.471239  -2.375000  0.01615139
0.471239  -2.333333  0.01775949
0.471239  -2.291667  0.01952571
0.471239  -2.250000  0.02146517
0.471239  -2.208333  0.02359437
0.471239  -2.166667  0.02593126
0.471239  -2.125000  0.02849538
0.471239  -2.083333  0.03130795
0.471239  -2.041667  0.03439199
0.471239  -2.000000  0.03777244
0.471239  -1.958333  0.04147626
0.471239  -1.916667  0.04553257
0.471239  -1.875000  0.04997273
0.471239  -1.833333  0.05483046
0.471239  -1.791667  0.06014188
0.471239  -1.750000  0.06594565
0.471239  -1.708333  0.07228294
0.471239  -1.666667  0.07919749
0.471239  -1.625000  0.08673557
0.471239  -1.583333  0.09494592
0.471239  -1.541667  0.10387962
0.471239  -1.500000  0.11358991
0.471239  -1.458333  0.12413190
0.471239  -1.416667  0.13556227
0.471239  -1.375000  0.14793879
0.471239  -1.333333  0.16131977
0.471239  -1.291667  0.17576339
0.471239  -1.250000  0.19132693
0.471239  -1.208333  0.20806578
0.471239  -1.166667  0.22603244
0.471239  -1.125000  0.24527533
0.471239  -1.083333  0.26583743
0.471239  -1.041667  0.28775496
0.471239  -1.000000  0.31105582
0.471239  -0.958333  0.33575814
0.471239  -0.916667  0.36186872
0.471239  -0.875000  0.38938160
0.471239  -0.833333  0.41827669
0.471239  -0.791667  0.44851864
0.471239  -0.750000  0.48005595
0.471239  -0.708333  0.51282033
0.471239  -0.666667  0.54672652
0.471239  -0.625000  0.58167257
0.471239  -0.583333  0.61754044
0.471239  -0.541667  0.65419727
0.471239  -0.500000  0.69149703
0.471239  -0.458333  0.72928261
0.471239  -0.416667  0.76738836
0.471239  -0.375000  0.80564289
0.471239  -0.333333  0.84387214
0.471239  -0.291667  0.88190252
0.471239  -0.250000  0.91956398
0.471239  -0.208333  0.95669309
0.471239  -0.166667  0.99313569
0.471239  -0.125000  1.02874937
0.471239  -0.083333  1.06340542
0.471239  -0.041667  1.09699037
0.471239  0.000000  1.12940704
0.471239  0.041667  1.16057511
0.471239  0.083333  1.19043119
0.471239  0.125000  1.21892852
0.471239  0.166667  1.24603629
0.471239  0.208333  1.27173864
0.471239  0.250000  1.29603345
0.471239  0.291667  1.31893096
0.471239  0.333333  1.34045229
0.471239  0.375000  1.36062790
0.471239  0.416667  1.37949612
0.471239  0.458333  1.39710166
0.471239  0.500000  1.41349423
0.471239  0.541667  1.42872730
0.471239  0.583333  1.44285692
0.471239  0.625000  1.45594070
0.471239  0.666667  1.46803694
0.471239  0.708333  1.47920387
0.471239  0.750000  1.48949898
0.471239  0.791667  1.49897853
0.471239  0.833333  1.50769715
0.471239  0.875000  1.51570746
0.471239  0.916667  1.52305987
0.471239  0.958333  1.52980242
0.471239  1.000000  1.53598066
0.471239  1.041667  1.54163757
0.471239  1.083333  1.54681360
0.471239  1.125000  1.55154666
0.471239  1.166667  1.55587218
0.471239  1.208333  1.55982318
0.471239  1.250000  1.56343036
0.471239  1.291667  1.56672219
0.471239  1.333333  1.56972505
0.471239  1.375000  1.57246331
0.471239  1.416667  1.57495945
0.471239  1.458333  1.57723420
0.471239  1.500000  1.57930661
0.471239  1.541667  1.58119421
0.471239  1.583333  1.58291309
0.471239  1.625000  1.58447800
0.471239  1.666667  1.58590247
0.471239  1.708333  1.58719886
0.471239  1.750000  1.58837852
0.471239  1.791667  1.58945180
0.471239  1.833333  1.59042817
0.471239  1.875000  1.59131627
0.471239  1.916667  1.59212399
0.471239  1.958333  1.59285854
0.471239  2.000000  1.59352648

0.523599  -3.000000  0.00375197
0.523599  -2.958333  0.00412876
0.523599  -2.916667  0.00454329
0.523599  -2.875000  0.00499929
0.523599  -2.833333  0.00550090
0.523599  -2.791667  0.00605264
0.523599  -2.750000  0.00665948
0.523599  -2.708333  0.00732687
0.523599  -2.666667  0.00806079
0.523599  -2.625000  0.00886781
0.523599  -2.583333  0.00975512
0.523599  -2.541667  0.01073058
0.523599  -2.500000  0.01180284
0.523599  -2.458333  0.01298134
0.523599  -2.416667  0.01427642
0.523599  -2.375000  0.01569937
0.523599  -2.333333  0.01726256
0.523599  -2.291667  0.01897946
0.523599  -2.250000  0.02086479
0.523599  -2.208333  0.02293460
0.523599  -2.166667  0.02520633
0.523599  -2.125000  0.02769900
0.523599  -2.083333  0.03043324
0.523599  -2.041667  0.03343145
0.523599  -2.000000  0.03671788
0.523599  -1.958333  0.04031877
0.523599  -1.916667  0.04426246
0.523599  -1.875000  0.04857946
0.523599  -1.833333  0.05330257
0.523599  -1.791667  0.05846698
0.523599  -1.750000  0.06411031
0.523599  -1.708333  0.07027265
0.523599  -1.666667  0.07699660
0.523599  -1.625000  0.08432722
0.523599  -1.583333  0.09231202
0.523599  -1.541667  0.10100076
0.523599  -1.500000  0.11044534
0.523599  -1.458333  0.12069953
0.523599  -1.416667  0.13181861
0.523599  -1.375000  0.14385897
0.523599  -1.333333  0.15687755
0.523599  -1.291667  0.17093122
0.523599  -1.250000  0.18607597
0.523599  -1.208333  0.20236604
0.523599  -1.166667  0.21985287
0.523599  -1.125000  0.23858398
0.523599  -1.083333  0.25860166
0.523599  -1.041667  0.27994163
0.523599  -1.000000  0.30263159
0.523599  -0.958333  0.32668973
0.523599  -0.916667  0.35212328
0.523599  -0.875000  0.37892704
0.523599  -0.833333  0.40708209
0.523599  -0.791667  0.43655464
0.523599  -0.750000  0.46729512
0.523599  -0.708333  0.49923761
0.523599  -0.666667  0.53229963
0.523599  -0.625000  0.56638231
0.523599  -0.583333  0.60137105
0.523599  -0.541667  0.63713672
0.523599  -0.500000  0.67353718
0.523599  -0.458333  0.71041940
0.523599  -0.416667  0.74762187
0.523599  -0.375000  0.78497734
0.523599  -0.333333  0.82231583
0.523599  -0.291667  0.85946764
0.523599  -0.250000  0.89626644
0.523599  -0.208333  0.93255220
0.523599  -0.166667  0.96817387
0.523599  -0.125000  1.00299177
0.523599  -0.083333  1.03687955
0.523599  -0.041667  1.06972566
0.523599  0.000000  1.10143449
0.523599  0.041667  1.13192682
0.523599  0.083333  1.16114005
0.523599  0.125000  1.18902780
0.523599  0.166667  1.21555934
0.523599  0.208333  1.24071858
0.523599  0.250000  1.26450291
0.523599  0.291667  1.28692185
0.523599  0.333333  1.30799561
0.523599  0.375000  1.32775361
0.523599  0.416667  1.34623300
0.523599  0.458333  1.36347721
0.523599  0.500000  1.37953464
0.523599  0.541667  1.39445739
0.523599  0.583333  1.40830011
0.523599  0.625000  1.42111904
0.523599  0.666667  1.43297112
0.523599  0.708333  1.44391324
0.523599  0.750000  1.45400159
0.523599  0.791667  1.46329119
0.523599  0.833333  1.47183545
0.523599  0.875000  1.47968588
0.523599  0.916667  1.48689179
0.523599  0.958333  1.49350021
0.523599  1.000000  1.49955572
0.523599  1.041667  1.50510041
0.523599  1.083333  1.51017388
0.523599  1.125000  1.51481327
0.523599  1.166667  1.51905327
0.523599  1.208333  1.52292622
0.523599  1.250000  1.52646221
0.523599  1.291667  1.52968912
0.523599  1.333333  1.53263281
0.523599  1.375000  1.53531714
0.523599  1.416667  1.53776415
0.523599  1.458333  1.53999415
0.523599  1.500000  1.54202581
0.523599  1.541667  1.54387632
0.523599  1.583333  1.54556143
0.523599  1.625000  1.54709561
0.523599  1.666667  1.54849211
0.523599  1.708333  1.54976306
0.523599  1.750000  1.55091958
0.523599  1.791667  1.55197180
0.523599  1.833333  1.55292902
0.523599  1.875000  1.55379971
0.523599  1.916667  1.55459160
0.523599  1.958333  1.55531175
0.523599  2.000000  1.55596660

0.575959  -3.000000  0.00363351
0.575959  -2.958333  0.00399841
0.575959  -2.916667  0.00439985
0.575959  -2.875000  0.00484147
0.575959  -2.833333  0.00532725
0.575959  -2.791667  0.00586158
0.575959  -2.750000  0.00644928
0.575959  -2.708333  0.00709563
0.575959  -2.666667  0.00780641
0.575959  -2.625000  0.00858799
0.575959  -2.583333  0.00944732
0.575959  -2.541667  0.01039205
0.575959  -2.500000  0.01143052
0.575959  -2.458333  0.01257190
0.575959  -2.416667  0.01382619
0.575959  -2.375000  0.01520435
0.575959  -2.333333  0.01671834
0.575959  -2.291667  0.01838123
0.575959  -2.250000  0.02020728
0.575959  -2.208333  0.02221202
0.575959  -2.166667  0.02441238
0.575959  -2.125000  0.02682678
0.575959  -2.083333  0.02947521
0.575959  -2.041667  0.03237939
0.575959  -2.000000  0.03556282
0.575959  -1.958333  0.03905095
0.575959  -1.916667  0.04287124
0.575959  -1.875000  0.04705328
0.575959  -1.833333  0.05162889
0.575959  -1.791667  0.05663220
0.575959  -1.750000  0.06209969
0.575959  -1.708333  0.06807027
0.575959  -1.666667  0.07458529
0.575959  -1.625000  0.08168850
0.575959  -1.583333  0.08942600
0.575959  -1.541667  0.09784615
0.575959  -1.500000  0.10699936
0.575959  -1.458333  0.11693790
0.575959  -1.416667  0.12771552
0.575959  -1.375000  0.13938708
0.575959  -1.333333  0.15200802
0.575959  -1.291667  0.16563372
0.575959  -1.250000  0.18031878
0.575959  -1.208333  0.19611612
0.575959  -1.166667  0.21307602
0.575959  -1.125000  0.23124498
0.575959  -1.083333  0.25066449
0.575959  -1.041667  0.27136972
0.575959  -1.000000  0.29338809
0.575959  -0.958333  0.31673787
0.575959  -0.916667  0.34142668
0.575959  -0.875000  0.36745015
0.575959  -0.833333  0.39479060
0.575959  -0.791667  0.42341589
0.575959  -0.750000  0.45327860
0.575959  -0.708333  0.48431538
0.575959  -0.666667  0.51644673
0.575959  -0.625000  0.54957718
0.575959  -0.583333  0.58359592
0.575959  -0.541667  0.61837786
0.575959  -0.500000  0.65378520
0.575959  -0.458333  0.68966938
0.575959  -0.416667  0.72587346
0.575959  -0.375000  0.76223478
0.575959  -0.333333  0.79858785
0.575959  -0.291667  0.83476732
0.575959  -0.250000  0.87061098
0.575959  -0.208333  0.90596259
0.575959  -0.166667  0.94067459
0.575959  -0.125000  0.97461034
0.575959  -0.083333  1.00764613
0.575959  -0.041667  1.03967260
0.575959  0.000000  1.07059588
0.575959  0.041667  1.10033807
0.575959  0.083333  1.12883741
0.575959  0.125000  1.15604804
0.575959  0.166667  1.18193930
0.575959  0.208333  1.20649490
0.575959  0.250000  1.22971170
0.575959  0.291667  1.25159846
0.575959  0.333333  1.27217442
0.575959  0.375000  1.29146784
0.575959  0.416667  1.30951457
0.575959  0.458333  1.32635666
0.575959  0.500000  1.34204105
0.575959  0.541667  1.35661832
0.575959  0.583333  1.37014160
0.575959  0.625000  1.38266561
0.575959  0.666667  1.39424576
0.575959  0.708333  1.40493747
0.575959  0.750000  1.41479550
0.575959  0.791667  1.42387347
0.575959  0.833333  1.43222348
0.575959  0.875000  1.43989575
0.575959  0.916667  1.44693842
0.575959  0.958333  1.45339736
0.575959  1.000000  1.45931609
0.575959  1.041667  1.46473570
0.575959  1.083333  1.46969486
0.575959  1.125000  1.47422983
0.575959  1.166667  1.47837450
0.575959  1.208333  1.48216045
0.575959  1.250000  1.48561707
0.575959  1.291667  1.48877162
0.575959  1.333333  1.49164933
0.575959  1.375000  1.49427354
0.575959  1.416667  1.49666577
0.575959  1.458333  1.49884588
0.575959  1.500000  1.50083211
0.575959  1.541667  1.50264125
0.575959  1.583333  1.50428871
0.575959  1.625000  1.50578862
0.575959  1.666667  1.50715394
0.575959  1.708333  1.50839653
0.575959  1.750000  1.50952723
0.575959  1.791667  1.51055598
0.575959  1.833333  1.51149185
0.575959  1.875000  1.51234312
0.575959  1.916667  1.51311735
0.575959  1.958333  1.51382145
0.575959  2.000000  1.51446171

0.628319  -3.000000  0.00350509
0.628319  -2.958333  0.00385710
0.628319  -2.916667  0.00424436
0.628319  -2.875000  0.00467037
0.628319  -2.833333  0.00513900
0.628319  -2.791667  0.00565446
0.628319  -2.750000  0.00622141
0.628319  -2.708333  0.00684494
0.628319  -2.666667  0.00753063
0.628319  -2.625000  0.00828462
0.628319  -2.583333  0.00911363
0.628319  -2.541667  0.01002503
0.628319  -2.500000  0.01102687
0.628319  -2.458333  0.01212800
0.628319  -2.416667  0.01333808
0.628319  -2.375000  0.01466766
0.628319  -2.333333  0.01612831
0.628319  -2.291667  0.01773264
0.628319  -2.250000  0.01949439
0.628319  -2.208333  0.02142858
0.628319  -2.166667  0.02355155
0.628319  -2.125000  0.02588106
0.628319  -2.083333  0.02843644
0.628319  -2.041667  0.03123863
0.628319  -2.000000  0.03431035
0.628319  -1.958333  0.03767616
0.628319  -1.916667  0.04136260
0.628319  -1.875000  0.04539824
0.628319  -1.833333  0.04981383
0.628319  -1.791667  0.05464235
0.628319  -1.750000  0.05991905
0.628319  -1.708333  0.06568156
0.628319  -1.666667  0.07196985
0.628319  -1.625000  0.07882622
0.628319  -1.583333  0.08629530
0.628319  -1.541667  0.09442385
0.628319  -1.500000  0.10326071
0.628319  -1.458333  0.11285648
0.628319  -1.416667  0.12326325
0.628319  -1.375000  0.13453419
0.628319  -1.333333  0.14672310
0.628319  -1.291667  0.15988374
0.628319  -1.250000  0.17406915
0.628319  -1.208333  0.18933082
0.628319  -1.166667  0.20571771
0.628319  -1.125000  0.22327522
0.628319  -1.083333  0.24204391
0.628319  -1.041667  0.26205832
0.628319  -1.000000  0.28334556
0.628319  -0.958333  0.30592389
0.628319  -0.916667  0.32980137
0.628319  -0.875000  0.35497446
0.628319  -0.833333  0.38142678
0.628319  -0.791667  0.40912800
0.628319  -0.750000  0.43803295
0.628319  -0.708333  0.46808104
0.628319  -0.666667  0.49919602
0.628319  -0.625000  0.53128610
0.628319  -0.583333  0.56424454
0.628319  -0.541667  0.59795068
0.628319  -0.500000  0.63227142
0.628319  -0.458333  0.66706309
0.628319  -0.416667  0.70217377
0.628319  -0.375000  0.73744579
0.628319  -0.333333  0.77271863
0.628319  -0.291667  0.80783169
0.628319  -0.250000  0.84262731
0.628319  -0.208333  0.87695347
0.628319  -0.166667  0.91066642
0.628319  -0.125000  0.94363294
0.628319  -0.083333  0.97573223
0.628319  -0.041667  1.00685742
0.628319  0.000000  1.03691656
0.628319  0.041667  1.06583323
0.628319  0.083333  1.09354671
0.628319  0.125000  1.12001166
0.628319  0.166667  1.14519761
0.628319  0.208333  1.16908806
0.628319  0.250000  1.19167932
0.628319  0.291667  1.21297936
0.628319  0.333333  1.23300635
0.628319  0.375000  1.25178731
0.628319  0.416667  1.26935671
0.628319  0.458333  1.28575507
0.628319  0.500000  1.30102772
0.628319  0.541667  1.31522362
0.628319  0.583333  1.32839421
0.628319  0.625000  1.34059255
0.628319  0.666667  1.35187239
0.628319  0.708333  1.36228751
0.628319  0.750000  1.37189111
0.628319  0.791667  1.38073529
0.628319  0.833333  1.38887067
0.628319  0.875000  1.39634608
0.628319  0.916667  1.40320834
0.628319  0.958333  1.40950208
0.628319  1.000000  1.41526964
0.628319  1.041667  1.42055100
0.628319  1.083333  1.42538381
0.628319  1.125000  1.42980335
0.628319  1.166667  1.43384263
0.628319  1.208333  1.43753240
0.628319  1.250000  1.44090128
0.628319  1.291667  1.44397581
0.628319  1.333333  1.44678057
0.628319  1.375000  1.44933830
0.628319  1.416667  1.45166997
0.628319  1.458333  1.45379491
0.628319  1.500000  1.45573090
0.628319  1.541667  1.45749430
0.628319  1.583333  1.45910013
0.628319  1.625000  1.46056214
0.628319  1.666667  1.46189298
0.628319  1.708333  1.46310419
0.628319  1.750000  1.46420636
0.628319  1.791667  1.46520915
0.628319  1.833333  1.46612140
0.628319  1.875000  1.46695120
0.628319  1.916667  1.46770590
0.628319  1.958333  1.46839225
0.628319  2.000000  1.46901637

0.680678  -3.000000  0.00336706
0.680678  -2.958333  0.00370521
0.680678  -2.916667  0.00407723
0.680678  -2.875000  0.00448648
0.680678  -2.833333  0.00493667
0.680678  -2.791667  0.00543185
0.680678  -2.750000  0.00597649
0.680678  -2.708333  0.00657549
0.680678  -2.666667  0.00723421
0.680678  -2.625000  0.00795855
0.680678  -2.583333  0.00875497
0.680678  -2.541667  0.00963053
0.680678  -2.500000  0.01059300
0.680678  -2.458333  0.01165086
0.680678  -2.416667  0.01281340
0.680678  -2.375000  0.01409077
0.680678  -2.333333  0.01549407
0.680678  -2.291667  0.01703543
0.680678  -2.250000  0.01872807
0.680678  -2.208333  0.02058641
0.680678  -2.166667  0.02262616
0.680678  -2.125000  0.02486440
0.680678  -2.083333  0.02731971
0.680678  -2.041667  0.03001223
0.680678  -2.000000  0.03296382
0.680678  -1.958333  0.03619809
0.680678  -1.916667  0.03974056
0.680678  -1.875000  0.04361874
0.680678  -1.833333  0.04786220
0.680678  -1.791667  0.05250268
0.680678  -1.750000  0.05757413
0.680678  -1.708333  0.06311276
0.680678  -1.666667  0.06915707
0.680678  -1.625000  0.07574780
0.680678  -1.583333  0.08292796
0.680678  -1.541667  0.09074263
0.680678  -1.500000  0.09923890
0.680678  -1.458333  0.10846558
0.680678  -1.416667  0.11847294
0.680678  -1.375000  0.12931236
0.680678  -1.333333  0.14103581
0.680678  -1.291667  0.15369528
0.680678  -1.250000  0.16734213
0.680678  -1.208333  0.18202628
0.680678  -1.166667  0.19779524
0.680678  -1.125000  0.21469314
0.680678  -1.083333  0.23275958
0.680678  -1.041667  0.25202833
0.680678  -1.000000  0.27252610
0.680678  -0.958333  0.29427115
0.680678  -0.916667  0.31727193
0.680678  -0.875000  0.34152577
0.680678  -0.833333  0.36701764
0.680678  -0.791667  0.39371908
0.680678  -0.750000  0.42158735
0.680678  -0.708333  0.45056479
0.680678  -0.666667  0.48057860
0.680678  -0.625000  0.51154095
0.680678  -0.583333  0.54334949
0.680678  -0.541667  0.57588832
0.680678  -0.500000  0.60902942
0.680678  -0.458333  0.64263442
0.680678  -0.416667  0.67655681
0.680678  -0.375000  0.71064440
0.680678  -0.333333  0.74474204
0.680678  -0.291667  0.77869436
0.680678  -0.250000  0.81234865
0.680678  -0.208333  0.84555751
0.680678  -0.166667  0.87818141
0.680678  -0.125000  0.91009086
0.680678  -0.083333  0.94116834
0.680678  -0.041667  0.97130968
0.680678  0.000000  1.00042513
0.680678  0.041667  1.02843994
0.680678  0.083333  1.05529451
0.680678  0.125000  1.08094420
0.680678  0.166667  1.10535875
0.680678  0.208333  1.12852146
0.680678  0.250000  1.15042814
0.680678  0.291667  1.17108587
0.680678  0.333333  1.19051172
0.680678  0.375000  1.20873138
0.680678  0.416667  1.22577781
0.680678  0.458333  1.24168991
0.680678  0.500000  1.25651129
0.680678  0.541667  1.27028910
0.680678  0.583333  1.28307300
0.680678  0.625000  1.29491419
0.680678  0.666667  1.30586465
0.680678  0.708333  1.31597638
0.680678  0.750000  1.32530084
0.680678  0.791667  1.33388849
0.680678  0.833333  1.34178835
0.680678  0.875000  1.34904772
0.680678  0.916667  1.35571199
0.680678  0.958333  1.36182439
0.680678  1.000000  1.36742600
0.680678  1.041667  1.37255559
0.680678  1.083333  1.37724968
0.680678  1.125000  1.38154249
0.680678  1.166667  1.38546606
0.680678  1.208333  1.38905022
0.680678  1.250000  1.39232274
0.680678  1.291667  1.39530940
0.680678  1.333333  1.39803406
0.680678  1.375000  1.40051879
0.680678  1.416667  1.40278394
0.680678  1.458333  1.40484828
0.680678  1.500000  1.40672910
0.680678  1.541667  1.40844226
0.680678  1.583333  1.41000235
0.680678  1.625000  1.41142275
0.680678  1.666667  1.41271571
0.680678  1.708333  1.41389246
0.680678  1.750000  1.41496328
0.680678  1.791667  1.41593755
0.680678  1.833333  1.41682387
0.680678  1.875000  1.41763008
0.680678  1.916667  1.41836333
0.680678  1.958333  1.41903017
0.680678  2.000000  1.41963656

0.733038  -3.000000  0.00321980
0.733038  -2.958333  0.00354317
0.733038  -2.916667  0.00389893
0.733038  -2.875000  0.00429029
0.733038  -2.833333  0.00472080
0.733038  -2.791667  0.00519434
0.733038  -2.750000  0.00571518
0.733038  -2.708333  0.00628801
0.733038  -2.666667  0.00691796
0.733038  -2.625000  0.00761066
0.733038  -2.583333  0.00837229
0.733038  -2.541667  0.00920963
0.733038  -2.500000  0.01013009
0.733038  -2.458333  0.01114178
0.733038  -2.416667  0.01225359
0.733038  -2.375000  0.01347524
0.733038  -2.333333  0.01481734
0.733038  -2.291667  0.01629150
0.733038  -2.250000  0.01791038
0.733038  -2.208333  0.01968776
0.733038  -2.166667  0.02163869
0.733038  -2.125000  0.02377952
0.733038  -2.083333  0.02612802
0.733038  -2.041667  0.02870349
0.733038  -2.000000  0.03152683
0.733038  -1.958333  0.03462067
0.733038  -1.916667  0.03800944
0.733038  -1.875000  0.04171950
0.733038  -1.833333  0.04577917
0.733038  -1.791667  0.05021885
0.733038  -1.750000  0.05507109
0.733038  -1.708333  0.06037060
0.733038  -1.666667  0.06615428
0.733038  -1.625000  0.07246123
0.733038  -1.583333  0.07933269
0.733038  -1.541667  0.08681194
0.733038  -1.500000  0.09494418
0.733038  -1.458333  0.10377631
0.733038  -1.416667  0.11335665
0.733038  -1.375000  0.12373460
0.733038  -1.333333  0.13496018
0.733038  -1.291667  0.14708348
0.733038  -1.250000  0.16015401
0.733038  -1.208333  0.17421997
0.733038  -1.166667  0.18932730
0.733038  -1.125000  0.20551875
0.733038  -1.083333  0.22283279
0.733038  -1.041667  0.24130237
0.733038  -1.000000  0.26095373
0.733038  -0.958333  0.28180503
0.733038  -0.916667  0.30386512
0.733038  -0.875000  0.32713217
0.733038  -0.833333  0.35159257
0.733038  -0.791667  0.37721981
0.733038  -0.750000  0.40397367
0.733038  -0.708333  0.43179962
0.733038  -0.666667  0.46062851
0.733038  -0.625000  0.49037670
0.733038  -0.583333  0.52094653
0.733038  -0.541667  0.55222720
0.733038  -0.500000  0.58409613
0.733038  -0.458333  0.61642066
0.733038  -0.416667  0.64906012
0.733038  -0.375000  0.68186821
0.733038  -0.333333  0.71469560
0.733038  -0.291667  0.74739259
0.733038  -0.250000  0.77981186
0.733038  -0.208333  0.81181106
0.733038  -0.166667  0.84325525
0.733038  -0.125000  0.87401907
0.733038  -0.083333  0.90398856
0.733038  -0.041667  0.93306256
0.733038  0.000000  0.96115376
0.733038  0.041667  0.98818927
0.733038  0.083333  1.01411082
0.733038  0.125000  1.03887452
0.733038  0.166667  1.06245044
0.733038  0.208333  1.08482171
0.733038  0.250000  1.10598361
0.733038  0.291667  1.12594234
0.733038  0.333333  1.14471380
0.733038  0.375000  1.16232227
0.733038  0.416667  1.17879910
0.733038  0.458333  1.19418145
0.733038  0.500000  1.20851108
0.733038  0.541667  1.22183322
0.733038  0.583333  1.23419556
0.733038  0.625000  1.24564736
0.733038  0.666667  1.25623862
0.733038  0.708333  1.26601944
0.733038  0.750000  1.27503942
0.733038  0.791667  1.28334721
0.733038  0.833333  1.29099009
0.733038  0.875000  1.29801372
0.733038  0.916667  1.30446190
0.733038  0.958333  1.31037640
0.733038  1.000000  1.31579688
0.733038  1.041667  1.32076080
0.733038  1.083333  1.32530345
0.733038  1.125000  1.32945791
0.733038  1.166667  1.33325513
0.733038  1.208333  1.33672398
0.733038  1.250000  1.33989130
0.733038  1.291667  1.34278201
0.733038  1.333333  1.34541919
0.733038  1.375000  1.34782419
0.733038  1.416667  1.35001669
0.733038  1.458333  1.35201487
0.733038  1.500000  1.35383542
0.733038  1.541667  1.35549371
0.733038  1.583333  1.35700386
0.733038  1.625000  1.35837880
0.733038  1.666667  1.35963039
0.733038  1.708333  1.36076950
0.733038  1.750000  1.36180607
0.733038  1.791667  1.36274919
0.733038  1.833333  1.36360718
0.733038  1.875000  1.36438762
0.733038  1.916667  1.36509745
0.733038  1.958333  1.36574299
0.733038  2.000000  1.36633000

0.785398  -3.000000  0.00306372
0.785398  -2.958333  0.00337142
0.785398  -2.916667  0.00370993
0.785398  -2.875000  0.00408233
0.785398  -2.833333  0.00449199
0.785398  -2.791667  0.00494259
0.785398  -2.750000  0.00543820
0.785398  -2.708333  0.00598329
0.785398  -2.666667  0.00658273
0.785398  -2.625000  0.00724190
0.785398  -2.583333  0.00796666
0.785398  -2.541667  0.00876347
0.785398  -2.500000  0.00963938
0.785398  -2.458333  0.01060213
0.785398  -2.416667  0.01166016
0.785398  -2.375000  0.01282273
0.785398  -2.333333  0.01409996
0.785398  -2.291667  0.01550287
0.785398  -2.250000  0.01704354
0.785398  -2.208333  0.01873508
0.785398  -2.166667  0.02059183
0.785398  -2.125000  0.02262936
0.785398  -2.083333  0.02486459
0.785398  -2.041667  0.02731591
0.785398  -2.000000  0.03000324
0.785398  -1.958333  0.03294813
0.785398  -1.916667  0.03617387
0.785398  -1.875000  0.03970557
0.785398  -1.833333  0.04357025
0.785398  -1.791667  0.04779689
0.785398  -1.750000  0.05241653
0.785398  -1.708333  0.05746227
0.785398  -1.666667  0.06296934
0.785398  -1.625000  0.06897505
0.785398  -1.583333  0.07551878
0.785398  -1.541667  0.08264188
0.785398  -1.500000  0.09038753
0.785398  -1.458333  0.09880058
0.785398  -1.416667  0.10792726
0.785398  -1.375000  0.11781486
0.785398  -1.333333  0.12851128
0.785398  -1.291667  0.14006458
0.785398  -1.250000  0.15252227
0.785398  -1.208333  0.16593066
0.785398  -1.166667  0.18033401
0.785398  -1.125000  0.19577355
0.785398  -1.083333  0.21228649
0.785398  -1.041667  0.22990487
0.785398  -1.000000  0.24865433
0.785398  -0.958333  0.26855293
0.785398  -0.916667  0.28960981
0.785398  -0.875000  0.31182404
0.785398  -0.833333  0.33518340
0.785398  -0.791667  0.35966342
0.785398  -0.750000  0.38522650
0.785398  -0.708333  0.41182137
0.785398  -0.666667  0.43938273
0.785398  -0.625000  0.46783139
0.785398  -0.583333  0.49707463
0.785398  -0.541667  0.52700708
0.785398  -0.500000  0.55751197
0.785398  -0.458333  0.58846270
0.785398  -0.416667  0.61972487
0.785398  -0.375000  0.65115852
0.785398  -0.333333  0.68262059
0.785398  -0.291667  0.71396748
0.785398  -0.250000  0.74505770
0.785398  -0.208333  0.77575437
0.785398  -0.166667  0.80592756
0.785398  -0.125000  0.83545640
0.785398  -0.083333  0.86423084
0.785398  -0.041667  0.89215305
0.785398  0.000000  0.91913841
0.785398  0.041667  0.94511611
0.785398  0.083333  0.97002935
0.785398  0.125000  0.99383517
0.785398  0.166667  1.01650402
0.785398  0.208333  1.03801894
0.785398  0.250000  1.05837468
0.785398  0.291667  1.07757653
0.785398  0.333333  1.09563919
0.785398  0.375000  1.11258544
0.785398  0.416667  1.12844495
0.785398  0.458333  1.14325302
0.785398  0.500000  1.15704943
0.785398  0.541667  1.16987736
0.785398  0.583333  1.18178239
0.785398  0.625000  1.19281168
0.785398  0.666667  1.20301314
0.785398  0.708333  1.21243480
0.785398  0.750000  1.22112425
0.785398  0.791667  1.22912819
0.785398  0.833333  1.23649203
0.785398  0.875000  1.24325965
0.785398  0.916667  1.24947314
0.785398  0.958333  1.25517268
0.785398  1.000000  1.26039639
0.785398  1.041667  1.26518032
0.785398  1.083333  1.26955843
0.785398  1.125000  1.27356257
0.785398  1.166667  1.27722251
0.785398  1.208333  1.28056605
0.785398  1.250000  1.28361903
0.785398  1.291667  1.28640546
0.785398  1.333333  1.28894757
0.785398  1.375000  1.29126591
0.785398  1.416667  1.29337946
0.785398  1.458333  1.29530571
0.785398  1.500000  1.29706076
0.785398  1.541667  1.29865941
0.785398  1.583333  1.30011526
0.785398  1.625000  1.30144078
0.785398  1.666667  1.30264740
0.785398  1.708333  1.30374559
0.785398  1.750000  1.30474493
0.785398  1.791667  1.30565419
0.785398  1.833333  1.30648138
0.785398  1.875000  1.30723381
0.785398  1.916667  1.30791816
0.785398  1.958333  1.30854053
0.785398  2.000000  1.30910649

0.837758  -3.000000  0.00289923
0.837758  -2.958333  0.00319042
0.837758  -2.916667  0.00351077
0.837758  -2.875000  0.00386318
0.837758  -2.833333  0.00425085
0.837758  -2.791667  0.00467728
0.837758  -2.750000  0.00514631
0.837758  -2.708333  0.00566216
0.837758  -2.666667  0.00622945
0.837758  -2.625000  0.00685327
0.837758  -2.583333  0.00753917
0.837758  -2.541667  0.00829326
0.837758  -2.500000  0.00912223
0.837758  -2.458333  0.01003338
0.837758  -2.416667  0.01103473
0.837758  -2.375000  0.01213503
0.837758  -2.333333  0.01334386
0.837758  -2.291667  0.01467167
0.837758  -2.250000  0.01612989
0.837758  -2.208333  0.01773094
0.837758  -2.166667  0.01948840
0.837758  -2.125000  0.02141701
0.837758  -2.083333  0.02353281
0.837758  -2.041667  0.02585323
0.837758  -2.000000  0.02839713
0.837758  -1.958333  0.03118494
0.837758  -1.916667  0.03423874
0.837758  -1.875000  0.03758233
0.837758  -1.833333  0.04124132
0.837758  -1.791667  0.04524321
0.837758  -1.750000  0.04961744
0.837758  -1.708333  0.05439542
0.837758  -1.666667  0.05961058
0.837758  -1.625000  0.06529835
0.837758  -1.583333  0.07149614
0.837758  -1.541667  0.07824321
0.837758  -1.500000  0.08558065
0.837758  -1.458333  0.09355109
0.837758  -1.416667  0.10219853
0.837758  -1.375000  0.11156800
0.837758  -1.333333  0.12170519
0.837758  -1.291667  0.13265590
0.837758  -1.250000  0.14446554
0.837758  -1.208333  0.15717840
0.837758  -1.166667  0.17083686
0.837758  -1.125000  0.18548053
0.837758  -1.083333  0.20114523
0.837758  -1.041667  0.21786195
0.837758  -1.000000  0.23565567
0.837758  -0.958333  0.25454423
0.837758  -0.916667  0.27453705
0.837758  -0.875000  0.29563403
0.837758  -0.833333  0.31782439
0.837758  -0.791667  0.34108572
0.837758  -0.750000  0.36538314
0.837758  -0.708333  0.39066876
0.837758  -0.666667  0.41688132
0.837758  -0.625000  0.44394626
0.837758  -0.583333  0.47177609
0.837758  -0.541667  0.50027118
0.837758  -0.500000  0.52932088
0.837758  -0.458333  0.55880508
0.837758  -0.416667  0.58859604
0.837758  -0.375000  0.61856055
0.837758  -0.333333  0.64856226
0.837758  -0.291667  0.67846414
0.837758  -0.250000  0.70813098
0.837758  -0.208333  0.73743180
0.837758  -0.166667  0.76624209
0.837758  -0.125000  0.79444586
0.837758  -0.083333  0.82193733
0.837758  -0.041667  0.84862232
0.837758  0.000000  0.87441916
0.837758  0.041667  0.89925938
0.837758  0.083333  0.92308785
0.837758  0.125000  0.94586266
0.837758  0.166667  0.96755476
0.837758  0.208333  0.98814715
0.837758  0.250000  1.00763407
0.837758  0.291667  1.02601993
0.837758  0.333333  1.04331815
0.837758  0.375000  1.05954998
0.837758  0.416667  1.07474330
0.837758  0.458333  1.08893144
0.837758  0.500000  1.10215209
0.837758  0.541667  1.11444625
0.837758  0.583333  1.12585727
0.837758  0.625000  1.13643004
0.837758  0.666667  1.14621023
0.837758  0.708333  1.15524367
0.837758  0.750000  1.16357578
0.837758  0.791667  1.17125118
0.837758  0.833333  1.17831327
0.837758  0.875000  1.18480400
0.837758  0.916667  1.19076363
0.837758  0.958333  1.19623062
0.837758  1.000000  1.20124145
0.837758  1.041667  1.20583065
0.837758  1.083333  1.21003072
0.837758  1.125000  1.21387217
0.837758  1.166667  1.21738353
0.837758  1.208333  1.22059145
0.837758  1.250000  1.22352069
0.837758  1.291667  1.22619425
0.837758  1.333333  1.22863344
0.837758  1.375000  1.23085798
0.837758  1.416667  1.23288605
0.837758  1.458333  1.23473443
0.837758  1.500000  1.23641856
0.837758  1.541667  1.23795263
0.837758  1.583333  1.23934970
0.837758  1.625000  1.24062171
0.837758  1.666667  1.24177963
0.837758  1.708333  1.24283351
0.837758  1.750000  1.24379255
0.837758  1.791667  1.24466514
0.837758  1.833333  1.24545898
0.837758  1.875000  1.24618107
0.837758  1.916667  1.24683784
0.837758  1.958333  1.24743513
0.837758  2.000000  1.24797828

0.890118  -3.000000  0.00272679
0.890118  -2.958333  0.00300067
0.890118  -2.916667  0.00330197
0.890118  -2.875000  0.00363344
0.890118  -2.833333  0.00399806
0.890118  -2.791667  0.00439915
0.890118  -2.750000  0.00484030
0.890118  -2.708333  0.00532549
0.890118  -2.666667  0.00585908
0.890118  -2.625000  0.00644583
0.890118  -2.583333  0.00709099
0.890118  -2.541667  0.00780030
0.890118  -2.500000  0.00858003
0.890118  -2.458333  0.00943709
0.890118  -2.416667  0.01037900
0.890118  -2.375000  0.01141400
0.890118  -2.333333  0.01255111
0.890118  -2.291667  0.01380016
0.890118  -2.250000  0.01517191
0.890118  -2.208333  0.01667805
0.890118  -2.166667  0.01833137
0.890118  -2.125000  0.02014574
0.890118  -2.083333  0.02213628
0.890118  -2.041667  0.02431938
0.890118  -2.000000  0.02671281
0.890118  -1.958333  0.02933583
0.890118  -1.916667  0.03220922
0.890118  -1.875000  0.03535543
0.890118  -1.833333  0.03879858
0.890118  -1.791667  0.04256460
0.890118  -1.750000  0.04668124
0.890118  -1.708333  0.05117813
0.890118  -1.666667  0.05608682
0.890118  -1.625000  0.06144075
0.890118  -1.583333  0.06727521
0.890118  -1.541667  0.07362733
0.890118  -1.500000  0.08053590
0.890118  -1.458333  0.08804125
0.890118  -1.416667  0.09618500
0.890118  -1.375000  0.10500980
0.890118  -1.333333  0.11455893
0.890118  -1.291667  0.12487584
0.890118  -1.250000  0.13600365
0.890118  -1.208333  0.14798448
0.890118  -1.166667  0.16085871
0.890118  -1.125000  0.17466416
0.890118  -1.083333  0.18943514
0.890118  -1.041667  0.20520146
0.890118  -1.000000  0.22198735
0.890118  -0.958333  0.23981031
0.890118  -0.916667  0.25867999
0.890118  -0.875000  0.27859708
0.890118  -0.833333  0.29955223
0.890118  -0.791667  0.32152512
0.890118  -0.750000  0.34448366
0.890118  -0.708333  0.36838343
0.890118  -0.666667  0.39316737
0.890118  -0.625000  0.41876576
0.890118  -0.583333  0.44509660
0.890118  -0.541667  0.47206624
0.890118  -0.500000  0.49957053
0.890118  -0.458333  0.52749618
0.890118  -0.416667  0.55572253
0.890118  -0.375000  0.58412353
0.890118  -0.333333  0.61257001
0.890118  -0.291667  0.64093193
0.890118  -0.250000  0.66908083
0.890118  -0.208333  0.69689206
0.890118  -0.166667  0.72424697
0.890118  -0.125000  0.75103486
0.890118  -0.083333  0.77715459
0.890118  -0.041667  0.80251594
0.890118  0.000000  0.82704054
0.890118  0.041667  0.85066246
0.890118  0.083333  0.87332845
0.890118  0.125000  0.89499786
0.890118  0.166667  0.91564222
0.890118  0.208333  0.93524458
0.890118  0.250000  0.95379873
0.890118  0.291667  0.97130817
0.890118  0.333333  0.98778504
0.890118  0.375000  1.00324898
0.890118  0.416667  1.01772601
0.890118  0.458333  1.03124740
0.890118  0.500000  1.04384864
0.890118  0.541667  1.05556840
0.890118  0.583333  1.06644767
0.890118  0.625000  1.07652894
0.890118  0.666667  1.08585549
0.890118  0.708333  1.09447079
0.890118  0.750000  1.10241796
0.890118  0.791667  1.10973938
0.890118  0.833333  1.11647630
0.890118  0.875000  1.12266862
0.890118  0.916667  1.12835463
0.890118  0.958333  1.13357093
0.890118  1.000000  1.13835225
0.890118  1.041667  1.14273147
0.890118  1.083333  1.14673956
0.890118  1.125000  1.15040557
0.890118  1.166667  1.15375671
0.890118  1.208333  1.15681834
0.890118  1.250000  1.15961410
0.890118  1.291667  1.16216591
0.890118  1.333333  1.16449408
0.890118  1.375000  1.16661742
0.890118  1.416667  1.16855327
0.890118  1.458333  1.17031764
0.890118  1.500000  1.17192526
0.890118  1.541667  1.17338966
0.890118  1.583333  1.17472329
0.890118  1.625000  1.17593757
0.890118  1.666667  1.17704295
0.890118  1.708333  1.17804903
0.890118  1.750000  1.17896456
0.890118  1.791667  1.17979759
0.890118  1.833333  1.18055543
0.890118  1.875000  1.18124479
0.890118  1.916667  1.18187180
0.890118  1.958333  1.18244202
0.890118  2.000000  1.18296056

0.942478  -3.000000  0.00254688
0.942478  -2.958333  0.00280269
0.942478  -2.916667  0.00308412
0.942478  -2.875000  0.00339372
0.942478  -2.833333  0.00373431
0.942478  -2.791667  0.00410894
0.942478  -2.750000  0.00452101
0.942478  -2.708333  0.00497421
0.942478  -2.666667  0.00547262
0.942478  -2.625000  0.00602070
0.942478  -2.583333  0.00662334
0.942478  -2.541667  0.00728591
0.942478  -2.500000  0.00801427
0.942478  -2.458333  0.00881487
0.942478  -2.416667  0.00969475
0.942478  -2.375000  0.01066160
0.942478  -2.333333  0.01172385
0.942478  -2.291667  0.01289070
0.942478  -2.250000  0.01417219
0.942478  -2.208333  0.01557927
0.942478  -2.166667  0.01712388
0.942478  -2.125000  0.01881900
0.942478  -2.083333  0.02067876
0.942478  -2.041667  0.02271849
0.942478  -2.000000  0.02495482
0.942478  -1.958333  0.02740576
0.942478  -1.916667  0.03009076
0.942478  -1.875000  0.03303082
0.942478  -1.833333  0.03624853
0.942478  -1.791667  0.03976816
0.942478  -1.750000  0.04361569
0.942478  -1.708333  0.04781890
0.942478  -1.666667  0.05240734
0.942478  -1.625000  0.05741234
0.942478  -1.583333  0.06286703
0.942478  -1.541667  0.06880621
0.942478  -1.500000  0.07526632
0.942478  -1.458333  0.08228522
0.942478  -1.416667  0.08990204
0.942478  -1.375000  0.09815687
0.942478  -1.333333  0.10709047
0.942478  -1.291667  0.11674379
0.942478  -1.250000  0.12715750
0.942478  -1.208333  0.13837140
0.942478  -1.166667  0.15042372
0.942478  -1.125000  0.16335034
0.942478  -1.083333  0.17718391
0.942478  -1.041667  0.19195296
0.942478  -1.000000  0.20768079
0.942478  -0.958333  0.22438452
0.942478  -0.916667  0.24207392
0.942478  -0.875000  0.26075041
0.942478  -0.833333  0.28040606
0.942478  -0.791667  0.30102264
0.942478  -0.750000  0.32257088
0.942478  -0.708333  0.34500996
0.942478  -0.666667  0.36828712
0.942478  -0.625000  0.39233768
0.942478  -0.583333  0.41708530
0.942478  -0.541667  0.44244266
0.942478  -0.500000  0.46831236
0.942478  -0.458333  0.49458832
0.942478  -0.416667  0.52115732
0.942478  -0.375000  0.54790094
0.942478  -0.333333  0.57469757
0.942478  -0.291667  0.60142466
0.942478  -0.250000  0.62796092
0.942478  -0.208333  0.65418850
0.942478  -0.166667  0.67999506
0.942478  -0.125000  0.70527558
0.942478  -0.083333  0.72993397
0.942478  -0.041667  0.75388432
0.942478  0.000000  0.77705186
0.942478  0.041667  0.79937349
0.942478  0.083333  0.82079809
0.942478  0.125000  0.84128640
0.942478  0.166667  0.86081069
0.942478  0.208333  0.87935418
0.942478  0.250000  0.89691024
0.942478  0.291667  0.91348148
0.942478  0.333333  0.92907873
0.942478  0.375000  0.94372000
0.942478  0.416667  0.95742938
0.942478  0.458333  0.97023598
0.942478  0.500000  0.98217295
0.942478  0.541667  0.99327656
0.942478  0.583333  1.00358527
0.942478  0.625000  1.01313904
0.942478  0.666667  1.02197861
0.942478  0.708333  1.03014495
0.942478  0.750000  1.03767873
0.942478  0.791667  1.04461993
0.942478  0.833333  1.05100754
0.942478  0.875000  1.05687922
0.942478  0.916667  1.06227121
0.942478  0.958333  1.06721808
0.942478  1.000000  1.07175272
0.942478  1.041667  1.07590623
0.942478  1.083333  1.07970792
0.942478  1.125000  1.08318531
0.942478  1.166667  1.08636415
0.942478  1.208333  1.08926850
0.942478  1.250000  1.09192071
0.942478  1.291667  1.09434157
0.942478  1.333333  1.09655034
0.942478  1.375000  1.09856484
0.942478  1.416667  1.10040150
0.942478  1.458333  1.10207551
0.942478  1.500000  1.10360081
0.942478  1.541667  1.10499027
0.942478  1.583333  1.10625566
0.942478  1.625000  1.10740782
0.942478  1.666667  1.10845668
0.942478  1.708333  1.10941131
0.942478  1.750000  1.11028005
0.942478  1.791667  1.11107050
0.942478  1.833333  1.11178962
0.942478  1.875000  1.11244377
0.942478  1.916667  1.11303874
0.942478  1.958333  1.11357984
0.942478  2.000000  1.11407190

0.994838  -3.000000  0.00235997
0.994838  -2.958333  0.00259702
0.994838  -2.916667  0.00285780
0.994838  -2.875000  0.00314470
0.994838  -2.833333  0.00346030
0.994838  -2.791667  0.00380746
0.994838  -2.750000  0.00418930
0.994838  -2.708333  0.00460927
0.994838  -2.666667  0.00507114
0.994838  -2.625000  0.00557904
0.994838  -2.583333  0.00613750
0.994838  -2.541667  0.00675150
0.994838  -2.500000  0.00742649
0.994838  -2.458333  0.00816843
0.994838  -2.416667  0.00898384
0.994838  -2.375000  0.00987988
0.994838  -2.333333  0.01086434
0.994838  -2.291667  0.01194576
0.994838  -2.250000  0.01313346
0.994838  -2.208333  0.01443758
0.994838  -2.166667  0.01586920
0.994838  -2.125000  0.01744037
0.994838  -2.083333  0.01916418
0.994838  -2.041667  0.02105488
0.994838  -2.000000  0.02312789
0.994838  -1.958333  0.02539992
0.994838  -1.916667  0.02788903
0.994838  -1.875000  0.03061473
0.994838  -1.833333  0.03359798
0.994838  -1.791667  0.03686134
0.994838  -1.750000  0.04042895
0.994838  -1.708333  0.04432662
0.994838  -1.666667  0.04858182
0.994838  -1.625000  0.05322372
0.994838  -1.583333  0.05828311
0.994838  -1.541667  0.06379242
0.994838  -1.500000  0.06978556
0.994838  -1.458333  0.07629783
0.994838  -1.416667  0.08336572
0.994838  -1.375000  0.09102666
0.994838  -1.333333  0.09931870
0.994838  -1.291667  0.10828015
0.994838  -1.250000  0.11794910
0.994838  -1.208333  0.12836287
0.994838  -1.166667  0.13955736
0.994838  -1.125000  0.15156638
0.994838  -1.083333  0.16442078
0.994838  -1.041667  0.17814763
0.994838  -1.000000  0.19276923
0.994838  -0.958333  0.20830215
0.994838  -0.916667  0.22475622
0.994838  -0.875000  0.24213352
0.994838  -0.833333  0.26042746
0.994838  -0.791667  0.27962191
0.994838  -0.750000  0.29969046
0.994838  -0.708333  0.32059593
0.994838  -0.666667  0.34228998
0.994838  -0.625000  0.36471312
0.994838  -0.583333  0.38779491
0.994838  -0.541667  0.41145454
0.994838  -0.500000  0.43560173
0.994838  -0.458333  0.46013790
0.994838  -0.416667  0.48495768
0.994838  -0.375000  0.50995064
0.994838  -0.333333  0.53500323
0.994838  -0.291667  0.56000080
0.994838  -0.250000  0.58482971
0.994838  -0.208333  0.60937937
0.994838  -0.166667  0.63354417
0.994838  -0.125000  0.65722523
0.994838  -0.083333  0.68033191
0.994838  -0.041667  0.70278299
0.994838  0.000000  0.72450761
0.994838  0.041667  0.74544583
0.994838  0.083333  0.76554887
0.994838  0.125000  0.78477908
0.994838  0.166667  0.80310964
0.994838  0.208333  0.82052403
0.994838  0.250000  0.83701527
0.994838  0.291667  0.85258513
0.994838  0.333333  0.86724313
0.994838  0.375000  0.88100560
0.994838  0.416667  0.89389463
0.994838  0.458333  0.90593710
0.994838  0.500000  0.91716375
0.994838  0.541667  0.92760825
0.994838  0.583333  0.93730647
0.994838  0.625000  0.94629567
0.994838  0.666667  0.95461391
0.994838  0.708333  0.96229952
0.994838  0.750000  0.96939055
0.994838  0.791667  0.97592447
0.994838  0.833333  0.98193782
0.994838  0.875000  0.98746594
0.994838  0.916667  0.99254280
0.994838  0.958333  0.99720090
0.994838  1.000000  1.00147109
0.994838  1.041667  1.00538261
0.994838  1.083333  1.00896300
0.994838  1.125000  1.01223812
0.994838  1.166667  1.01523221
0.994838  1.208333  1.01796785
0.994838  1.250000  1.02046610
0.994838  1.291667  1.02274651
0.994838  1.333333  1.02482720
0.994838  1.375000  1.02672493
0.994838  1.416667  1.02845518
0.994838  1.458333  1.03003223
0.994838  1.500000  1.03146923
0.994838  1.541667  1.03277826
0.994838  1.583333  1.03397044
0.994838  1.625000  1.03505596
0.994838  1.666667  1.03604415
0.994838  1.708333  1.03694359
0.994838  1.750000  1.03776211
0.994838  1.791667  1.03850687
0.994838  1.833333  1.03918444
0.994838  1.875000  1.03980079
0.994838  1.916667  1.04036139
0.994838  1.958333  1.04087123
0.994838  2.000000  1.04133487

1.047198  -3.000000  0.00216660
1.047198  -2.958333  0.00238422
1.047198  -2.916667  0.00262365
1.047198  -2.875000  0.00288704
1.047198  -2.833333  0.00317679
1.047198  -2.791667  0.00349552
1.047198  -2.750000  0.00384610
1.047198  -2.708333  0.00423168
1.047198  -2.666667  0.00465573
1.047198  -2.625000  0.00512204
1.047198  -2.583333  0.00563479
1.047198  -2.541667  0.00619854
1.047198  -2.500000  0.00681829
1.047198  -2.458333  0.00749951
1.047198  -2.416667  0.00824822
1.047198  -2.375000  0.00907096
1.047198  -2.333333  0.00997491
1.047198  -2.291667  0.01096791
1.047198  -2.250000  0.01205852
1.047198  -2.208333  0.01325607
1.047198  -2.166667  0.01457073
1.047198  -2.125000  0.01601357
1.047198  -2.083333  0.01759665
1.047198  -2.041667  0.01933304
1.047198  -2.000000  0.02123694
1.047198  -1.958333  0.02332370
1.047198  -1.916667  0.02560995
1.047198  -1.875000  0.02811362
1.047198  -1.833333  0.03085402
1.047198  -1.791667  0.03385190
1.047198  -1.750000  0.03712948
1.047198  -1.708333  0.04071055
1.047198  -1.666667  0.04462040
1.047198  -1.625000  0.04888592
1.047198  -1.583333  0.05353550
1.047198  -1.541667  0.05859905
1.047198  -1.500000  0.06410788
1.047198  -1.458333  0.07009458
1.047198  -1.416667  0.07659288
1.047198  -1.375000  0.08363740
1.047198  -1.333333  0.09126337
1.047198  -1.291667  0.09950629
1.047198  -1.250000  0.10840151
1.047198  -1.208333  0.11798371
1.047198  -1.166667  0.12828634
1.047198  -1.125000  0.13934096
1.047198  -1.083333  0.15117646
1.047198  -1.041667  0.16381832
1.047198  -1.000000  0.17728767
1.047198  -0.958333  0.19160043
1.047198  -0.916667  0.20676637
1.047198  -0.875000  0.22278813
1.047198  -0.833333  0.23966043
1.047198  -0.791667  0.25736918
1.047198  -0.750000  0.27589084
1.047198  -0.708333  0.29519191
1.047198  -0.666667  0.31522857
1.047198  -0.625000  0.33594663
1.047198  -0.583333  0.35728173
1.047198  -0.541667  0.37915984
1.047198  -0.500000  0.40149802
1.047198  -0.458333  0.42420555
1.047198  -0.416667  0.44718526
1.047198  -0.375000  0.47033512
1.047198  -0.333333  0.49355005
1.047198  -0.291667  0.51672376
1.047198  -0.250000  0.53975073
1.047198  -0.208333  0.56252809
1.047198  -0.166667  0.58495742
1.047198  -0.125000  0.60694644
1.047198  -0.083333  0.62841035
1.047198  -0.041667  0.64927303
1.047198  0.000000  0.66946790
1.047198  0.041667  0.68893845
1.047198  0.083333  0.70763855
1.047198  0.125000  0.72553238
1.047198  0.166667  0.74259419
1.047198  0.208333  0.75880785
1.047198  0.250000  0.77416614
1.047198  0.291667  0.78867002
1.047198  0.333333  0.80232772
1.047198  0.375000  0.81515386
1.047198  0.416667  0.82716849
1.047198  0.458333  0.83839617
1.047198  0.500000  0.84886513
1.047198  0.541667  0.85860636
1.047198  0.583333  0.86765297
1.047198  0.625000  0.87603942
1.047198  0.666667  0.88380093
1.047198  0.708333  0.89097303
1.047198  0.750000  0.89759103
1.047198  0.791667  0.90368973
1.047198  0.833333  0.90930306
1.047198  0.875000  0.91446390
1.047198  0.916667  0.91920386
1.047198  0.958333  0.92355315
1.047198  1.000000  0.92754053
1.047198  1.041667  0.93119322
1.047198  1.083333  0.93453688
1.047198  1.125000  0.93759562
1.047198  1.166667  0.94039202
1.047198  1.208333  0.94294716
1.047198  1.250000  0.94528066
1.047198  1.291667  0.94741076
1.047198  1.333333  0.94935436
1.047198  1.375000  0.95112712
1.047198  1.416667  0.95274347
1.047198  1.458333  0.95421675
1.047198  1.500000  0.95555921
1.047198  1.541667  0.95678216
1.047198  1.583333  0.95789596
1.047198  1.625000  0.95891012
1.047198  1.666667  0.95983338
1.047198  1.708333  0.96067372
1.047198  1.750000  0.96143847
1.047198  1.791667  0.96213432
1.047198  1.833333  0.96276739
1.047198  1.875000  0.96334327
1.047198  1.916667  0.96386706
1.047198  1.958333  0.96434344
1.047198  2.000000  0.96477664

1.099557  -3.000000  0.00196727
1.099557  -2.958333  0.00216488
1.099557  -2.916667  0.00238229
1.099557  -2.875000  0.00262146
1.099557  -2.833333  0.00288457
1.099557  -2.791667  0.00317398
1.099557  -2.750000  0.00349232
1.099557  -2.708333  0.00384246
1.099557  -2.666667  0.00422752
1.099557  -2.625000  0.00465097
1.099557  -2.583333  0.00511659
1.099557  -2.541667  0.00562853
1.099557  -2.500000  0.00619132
1.099557  -2.458333  0.00680996
1.099557  -2.416667  0.00748988
1.099557  -2.375000  0.00823705
1.099557  -2.333333  0.00905799
1.099557  -2.291667  0.00995981
1.099557  -2.250000  0.01095031
1.099557  -2.208333  0.01203795
1.099557  -2.166667  0.01323198
1.099557  -2.125000  0.01454248
1.099557  -2.083333  0.01598040
1.099557  -2.041667  0.01755763
1.099557  -2.000000  0.01928707
1.099557  -1.958333  0.02118270
1.099557  -1.916667  0.02325965
1.099557  -1.875000  0.02553423
1.099557  -1.833333  0.02802400
1.099557  -1.791667  0.03074788
1.099557  -1.750000  0.03372610
1.099557  -1.708333  0.03698031
1.099557  -1.666667  0.04053358
1.099557  -1.625000  0.04441040
1.099557  -1.583333  0.04863669
1.099557  -1.541667  0.05323973
1.099557  -1.500000  0.05824811
1.099557  -1.458333  0.06369160
1.099557  -1.416667  0.06960104
1.099557  -1.375000  0.07600811
1.099557  -1.333333  0.08294507
1.099557  -1.291667  0.09044448
1.099557  -1.250000  0.09853878
1.099557  -1.208333  0.10725988
1.099557  -1.166667  0.11663860
1.099557  -1.125000  0.12670409
1.099557  -1.083333  0.13748312
1.099557  -1.041667  0.14899943
1.099557  -1.000000  0.16127284
1.099557  -0.958333  0.17431847
1.099557  -0.916667  0.18814589
1.099557  -0.875000  0.20275823
1.099557  -0.833333  0.21815139
1.099557  -0.791667  0.23431331
1.099557  -0.750000  0.25122329
1.099557  -0.708333  0.26885151
1.099557  -0.666667  0.28715874
1.099557  -0.625000  0.30609621
1.099557  -0.583333  0.32560579
1.099557  -0.541667  0.34562041
1.099557  -0.500000  0.36606476
1.099557  -0.458333  0.38685626
1.099557  -0.416667  0.40790629
1.099557  -0.375000  0.42912163
1.099557  -0.333333  0.45040606
1.099557  -0.291667  0.47166212
1.099557  -0.250000  0.49279285
1.099557  -0.208333  0.51370359
1.099557  -0.166667  0.53430358
1.099557  -0.125000  0.55450758
1.099557  -0.083333  0.57423709
1.099557  -0.041667  0.59342149
1.099557  0.000000  0.61199884
1.099557  0.041667  0.62991644
1.099557  0.083333  0.64713104
1.099557  0.125000  0.66360893
1.099557  0.166667  0.67932564
1.099557  0.208333  0.69426557
1.099557  0.250000  0.70842135
1.099557  0.291667  0.72179322
1.099557  0.333333  0.73438813
1.099557  0.375000  0.74621900
1.099557  0.416667  0.75730378
1.099557  0.458333  0.76766466
1.099557  0.500000  0.77732725
1.099557  0.541667  0.78631979
1.099557  0.583333  0.79467247
1.099557  0.625000  0.80241681
1.099557  0.666667  0.80958510
1.099557  0.708333  0.81620988
1.099557  0.750000  0.82232360
1.099557  0.791667  0.82795821
1.099557  0.833333  0.83314492
1.099557  0.875000  0.83791398
1.099557  0.916667  0.84229448
1.099557  0.958333  0.84631427
1.099557  1.000000  0.84999983
1.099557  1.041667  0.85337625
1.099557  1.083333  0.85646721
1.099557  1.125000  0.85929494
1.099557  1.166667  0.86188028
1.099557  1.208333  0.86424266
1.099557  1.250000  0.86640023
1.099557  1.291667  0.86836981
1.099557  1.333333  0.87016701
1.099557  1.375000  0.87180628
1.099557  1.416667  0.87330097
1.099557  1.458333  0.87466339
1.099557  1.500000  0.87590487
1.099557  1.541667  0.87703585
1.099557  1.583333  0.87806590
1.099557  1.625000  0.87900384
1.099557  1.666667  0.87985771
1.099557  1.708333  0.88063491
1.099557  1.750000  0.88134221
1.099557  1.791667  0.88198579
1.099557  1.833333  0.88257132
1.099557  1.875000  0.88310395
1.099557  1.916667  0.88358842
1.099557  1.958333  0.88402903
1.099557  2.000000  0.88442972

1.151917  -3.000000  0.00176255
1.151917  -2.958333  0.00193960
1.151917  -2.916667  0.00213439
1.151917  -2.875000  0.00234868
1.151917  -2.833333  0.00258441
1.151917  -2.791667  0.00284373
1.151917  -2.750000  0.00312895
1.151917  -2.708333  0.00344267
1.151917  -2.666667  0.00378769
1.151917  -2.625000  0.00416710
1.151917  -2.583333  0.00458431
1.151917  -2.541667  0.00504302
1.151917  -2.500000  0.00554731
1.151917  -2.458333  0.00610164
1.151917  -2.416667  0.00671089
1.151917  -2.375000  0.00738042
1.151917  -2.333333  0.00811606
1.151917  -2.291667  0.00892421
1.151917  -2.250000  0.00981182
1.151917  -2.208333  0.01078653
1.151917  -2.166667  0.01185660
1.151917  -2.125000  0.01303109
1.151917  -2.083333  0.01431981
1.151917  -2.041667  0.01573344
1.151917  -2.000000  0.01728355
1.151917  -1.958333  0.01898270
1.151917  -1.916667  0.02084446
1.151917  -1.875000  0.02288347
1.151917  -1.833333  0.02511553
1.151917  -1.791667  0.02755760
1.151917  -1.750000  0.03022788
1.151917  -1.708333  0.03314584
1.151917  -1.666667  0.03633221
1.151917  -1.625000  0.03980904
1.151917  -1.583333  0.04359964
1.151917  -1.541667  0.04772858
1.151917  -1.500000  0.05222162
1.151917  -1.458333  0.05710561
1.151917  -1.416667  0.06240837
1.151917  -1.375000  0.06815850
1.151917  -1.333333  0.07438518
1.151917  -1.291667  0.08111785
1.151917  -1.250000  0.08838594
1.151917  -1.208333  0.09621839
1.151917  -1.166667  0.10464324
1.151917  -1.125000  0.11368705
1.151917  -1.083333  0.12337436
1.151917  -1.041667  0.13372694
1.151917  -1.000000  0.14476318
1.151917  -0.958333  0.15649724
1.151917  -0.916667  0.16893834
1.151917  -0.875000  0.18208999
1.151917  -0.833333  0.19594918
1.151917  -0.791667  0.21050578
1.151917  -0.750000  0.22574189
1.151917  -0.708333  0.24163139
1.151917  -0.666667  0.25813965
1.151917  -0.625000  0.27522339
1.151917  -0.583333  0.29283086
1.151917  -0.541667  0.31090213
1.151917  -0.500000  0.32936973
1.151917  -0.458333  0.34815953
1.151917  -0.416667  0.36719177
1.151917  -0.375000  0.38638240
1.151917  -0.333333  0.40564450
1.151917  -0.291667  0.42488986
1.151917  -0.250000  0.44403057
1.151917  -0.208333  0.46298061
1.151917  -0.166667  0.48165740
1.151917  -0.125000  0.49998318
1.151917  -0.083333  0.51788621
1.151917  -0.041667  0.53530180
1.151917  0.000000  0.55217307
1.151917  0.041667  0.56845144
1.151917  0.083333  0.58409691
1.151917  0.125000  0.59907810
1.151917  0.166667  0.61337206
1.151917  0.208333  0.62696388
1.151917  0.250000  0.63984621
1.151917  0.291667  0.65201861
1.151917  0.333333  0.66348682
1.151917  0.375000  0.67426203
1.151917  0.416667  0.68436011
1.151917  0.458333  0.69380080
1.151917  0.500000  0.70260701
1.151917  0.541667  0.71080412
1.151917  0.583333  0.71841931
1.151917  0.625000  0.72548104
1.151917  0.666667  0.73201846
1.151917  0.708333  0.73806107
1.151917  0.750000  0.74363824
1.151917  0.791667  0.74877895
1.151917  0.833333  0.75351155
1.151917  0.875000  0.75786349
1.151917  0.916667  0.76186123
1.151917  0.958333  0.76553008
1.151917  1.000000  0.76889415
1.151917  1.041667  0.77197627
1.151917  1.083333  0.77479798
1.151917  1.125000  0.77737955
1.151917  1.166667  0.77973995
1.151917  1.208333  0.78189691
1.151917  1.250000  0.78386695
1.151917  1.291667  0.78566541
1.151917  1.333333  0.78730653
1.151917  1.375000  0.78880350
1.151917  1.416667  0.79016847
1.151917  1.458333  0.79141269
1.151917  1.500000  0.79254649
1.151917  1.541667  0.79357940
1.151917  1.583333  0.79452016
1.151917  1.625000  0.79537679
1.151917  1.666667  0.79615667
1.151917  1.708333  0.79686653
1.151917  1.750000  0.79751256
1.151917  1.791667  0.79810039
1.151917  1.833333  0.79863521
1.151917  1.875000  0.79912172
1.151917  1.916667  0.79956424
1.151917  1.958333  0.79996670
1.151917  2.000000  0.80033270

1.204277  -3.000000  0.00155299
1.204277  -2.958333  0.00170899
1.204277  -2.916667  0.00188062
1.204277  -2.875000  0.00206944
1.204277  -2.833333  0.00227716
1.204277  -2.791667  0.00250565
1.204277  -2.750000  0.00275698
1.204277  -2.708333  0.00303341
1.204277  -2.666667  0.00333743
1.204277  -2.625000  0.00367177
1.204277  -2.583333  0.00403940
1.204277  -2.541667  0.00444361
1.204277  -2.500000  0.00488800
1.204277  -2.458333  0.00537649
1.204277  -2.416667  0.00591338
1.204277  -2.375000  0.00650341
1.204277  -2.333333  0.00715170
1.204277  -2.291667  0.00786391
1.204277  -2.250000  0.00864617
1.204277  -2.208333  0.00950521
1.204277  -2.166667  0.01044832
1.204277  -2.125000  0.01148349
1.204277  -2.083333  0.01261938
1.204277  -2.041667  0.01386542
1.204277  -2.000000  0.01523181
1.204277  -1.958333  0.01672964
1.204277  -1.916667  0.01837089
1.204277  -1.875000  0.02016850
1.204277  -1.833333  0.02213641
1.204277  -1.791667  0.02428962
1.204277  -1.750000  0.02664422
1.204277  -1.708333  0.02921740
1.204277  -1.666667  0.03202751
1.204277  -1.625000  0.03509406
1.204277  -1.583333  0.03843769
1.204277  -1.541667  0.04208015
1.204277  -1.500000  0.04604428
1.204277  -1.458333  0.05035388
1.204277  -1.416667  0.05503364
1.204277  -1.375000  0.06010898
1.204277  -1.333333  0.06560583
1.204277  -1.291667  0.07155040
1.204277  -1.250000  0.07796893
1.204277  -1.208333  0.08488725
1.204277  -1.166667  0.09233046
1.204277  -1.125000  0.10032238
1.204277  -1.083333  0.10888510
1.204277  -1.041667  0.11803831
1.204277  -1.000000  0.12779875
1.204277  -0.958333  0.13817949
1.204277  -0.916667  0.14918926
1.204277  -0.875000  0.16083177
1.204277  -0.833333  0.17310500
1.204277  -0.791667  0.18600065
1.204277  -0.750000  0.19950356
1.204277  -0.708333  0.21359126
1.204277  -0.666667  0.22823373
1.204277  -0.625000  0.24339326
1.204277  -0.583333  0.25902455
1.204277  -0.541667  0.27507496
1.204277  -0.500000  0.29148509
1.204277  -0.458333  0.30818949
1.204277  -0.416667  0.32511758
1.204277  -0.375000  0.34219484
1.204277  -0.333333  0.35934405
1.204277  -0.291667  0.37648667
1.204277  -0.250000  0.39354428
1.204277  -0.208333  0.41044003
1.204277  -0.166667  0.42709996
1.204277  -0.125000  0.44345428
1.204277  -0.083333  0.45943850
1.204277  -0.041667  0.47499429
1.204277  0.000000  0.49007022
1.204277  0.041667  0.50462224
1.204277  0.083333  0.51861393
1.204277  0.125000  0.53201655
1.204277  0.166667  0.54480888
1.204277  0.208333  0.55697693
1.204277  0.250000  0.56851349
1.204277  0.291667  0.57941756
1.204277  0.333333  0.58969373
1.204277  0.375000  0.59935150
1.204277  0.416667  0.60840461
1.204277  0.458333  0.61687033
1.204277  0.500000  0.62476881
1.204277  0.541667  0.63212245
1.204277  0.583333  0.63895534
1.204277  0.625000  0.64529271
1.204277  0.666667  0.65116051
1.204277  0.708333  0.65658497
1.204277  0.750000  0.66159229
1.204277  0.791667  0.66620834
1.204277  0.833333  0.67045841
1.204277  0.875000  0.67436706
1.204277  0.916667  0.67795793
1.204277  0.958333  0.68125369
1.204277  1.000000  0.68427591
1.204277  1.041667  0.68704503
1.204277  1.083333  0.68958037
1.204277  1.125000  0.69190009
1.204277  1.166667  0.69402119
1.204277  1.208333  0.69595958
1.204277  1.250000  0.69773007
1.204277  1.291667  0.69934644
1.204277  1.333333  0.70082145
1.204277  1.375000  0.70216695
1.204277  1.416667  0.70339386
1.204277  1.458333  0.70451225
1.204277  1.500000  0.70553143
1.204277  1.541667  0.70645993
1.204277  1.583333  0.70730562
1.204277  1.625000  0.70807571
1.204277  1.666667  0.70877680
1.204277  1.708333  0.70941496
1.204277  1.750000  0.70999575
1.204277  1.791667  0.71052422
1.204277  1.833333  0.71100504
1.204277  1.875000  0.71144243
1.204277  1.916667  0.71184028
1.204277  1.958333  0.71220212
1.204277  2.000000  0.71253118

1.256637  -3.000000  0.00133916
1.256637  -2.958333  0.00147368
1.256637  -2.916667  0.00162169
1.256637  -2.875000  0.00178452
1.256637  -2.833333  0.00196364
1.256637  -2.791667  0.00216068
1.256637  -2.750000  0.00237742
1.256637  -2.708333  0.00261581
1.256637  -2.666667  0.00287799
1.256637  -2.625000  0.00316631
1.256637  -2.583333  0.00348336
1.256637  -2.541667  0.00383195
1.256637  -2.500000  0.00421520
1.256637  -2.458333  0.00463648
1.256637  -2.416667  0.00509953
1.256637  -2.375000  0.00560840
1.256637  -2.333333  0.00616754
1.256637  -2.291667  0.00678181
1.256637  -2.250000  0.00745653
1.256637  -2.208333  0.00819748
1.256637  -2.166667  0.00901097
1.256637  -2.125000  0.00990390
1.256637  -2.083333  0.01088374
1.256637  -2.041667  0.01195863
1.256637  -2.000000  0.01313740
1.256637  -1.958333  0.01442962
1.256637  -1.916667  0.01584564
1.256637  -1.875000  0.01739664
1.256637  -1.833333  0.01909469
1.256637  -1.791667  0.02095275
1.256637  -1.750000  0.02298473
1.256637  -1.708333  0.02520551
1.256637  -1.666667  0.02763099
1.256637  -1.625000  0.03027805
1.256637  -1.583333  0.03316458
1.256637  -1.541667  0.03630943
1.256637  -1.500000  0.03973242
1.256637  -1.458333  0.04345420
1.256637  -1.416667  0.04749622
1.256637  -1.375000  0.05188059
1.256637  -1.333333  0.05662986
1.256637  -1.291667  0.06176689
1.256637  -1.250000  0.06731455
1.256637  -1.208333  0.07329545
1.256637  -1.166667  0.07973155
1.256637  -1.125000  0.08664379
1.256637  -1.083333  0.09405161
1.256637  -1.041667  0.10197246
1.256637  -1.000000  0.11042125
1.256637  -0.958333  0.11940979
1.256637  -0.916667  0.12894614
1.256637  -0.875000  0.13903405
1.256637  -0.833333  0.14967239
1.256637  -0.791667  0.16085455
1.256637  -0.750000  0.17256799
1.256637  -0.708333  0.18479387
1.256637  -0.666667  0.19750674
1.256637  -0.625000  0.21067449
1.256637  -0.583333  0.22425831
1.256637  -0.541667  0.23821303
1.256637  -0.500000  0.25248744
1.256637  -0.458333  0.26702502
1.256637  -0.416667  0.28176467
1.256637  -0.375000  0.29664172
1.256637  -0.333333  0.31158902
1.256637  -0.291667  0.32653814
1.256637  -0.250000  0.34142062
1.256637  -0.208333  0.35616920
1.256637  -0.166667  0.37071907
1.256637  -0.125000  0.38500890
1.256637  -0.083333  0.39898190
1.256637  -0.041667  0.41258659
1.256637  0.000000  0.42577743
1.256637  0.041667  0.43851529
1.256637  0.083333  0.45076769
1.256637  0.125000  0.46250884
1.256637  0.166667  0.47371954
1.256637  0.208333  0.48438693
1.256637  0.250000  0.49450411
1.256637  0.291667  0.50406965
1.256637  0.333333  0.51308707
1.256637  0.375000  0.52156422
1.256637  0.416667  0.52951272
1.256637  0.458333  0.53694733
1.256637  0.500000  0.54388537
1.256637  0.541667  0.55034620
1.256637  0.583333  0.55635070
1.256637  0.625000  0.56192077
1.256637  0.666667  0.56707901
1.256637  0.708333  0.57184827
1.256637  0.750000  0.57625141
1.256637  0.791667  0.58031103
1.256637  0.833333  0.58404925
1.256637  0.875000  0.58748755
1.256637  0.916667  0.59064665
1.256637  0.958333  0.59354639
1.256637  1.000000  0.59620569
1.256637  1.041667  0.59864249
1.256637  1.083333  0.60087372
1.256637  1.125000  0.60291533
1.256637  1.166667  0.60478225
1.256637  1.208333  0.60648845
1.256637  1.250000  0.60804694
1.256637  1.291667  0.60946983
1.256637  1.333333  0.61076835
1.256637  1.375000  0.61195289
1.256637  1.416667  0.61303306
1.256637  1.458333  0.61401773
1.256637  1.500000  0.61491507
1.256637  1.541667  0.61573260
1.256637  1.583333  0.61647723
1.256637  1.625000  0.61715531
1.256637  1.666667  0.61777265
1.256637  1.708333  0.61833459
1.256637  1.750000  0.61884601
1.256637  1.791667  0.61931138
1.256637  1.833333  0.61973479
1.256637  1.875000  0.62011996
1.256637  1.916667  0.62047031
1.256637  1.958333  0.62078896
1.256637  2.000000  0.62107874

1.308997  -3.000000  0.00112165
1.308997  -2.958333  0.00123433
1.308997  -2.916667  0.00135830
1.308997  -2.875000  0.00149468
1.308997  -2.833333  0.00164472
1.308997  -2.791667  0.00180977
1.308997  -2.750000  0.00199131
1.308997  -2.708333  0.00219099
1.308997  -2.666667  0.00241060
1.308997  -2.625000  0.00265212
1.308997  -2.583333  0.00291770
1.308997  -2.541667  0.00320970
1.308997  -2.500000  0.00353074
1.308997  -2.458333  0.00388365
1.308997  -2.416667  0.00427155
1.308997  -2.375000  0.00469784
1.308997  -2.333333  0.00516625
1.308997  -2.291667  0.00568087
1.308997  -2.250000  0.00624613
1.308997  -2.208333  0.00686690
1.308997  -2.166667  0.00754847
1.308997  -2.125000  0.00829661
1.308997  -2.083333  0.00911760
1.308997  -2.041667  0.01001826
1.308997  -2.000000  0.01100601
1.308997  -1.958333  0.01208887
1.308997  -1.916667  0.01327554
1.308997  -1.875000  0.01457540
1.308997  -1.833333  0.01599858
1.308997  -1.791667  0.01755597
1.308997  -1.750000  0.01925926
1.308997  -1.708333  0.02112097
1.308997  -1.666667  0.02315445
1.308997  -1.625000  0.02537390
1.308997  -1.583333  0.02779439
1.308997  -1.541667  0.03043180
1.308997  -1.500000  0.03330280
1.308997  -1.458333  0.03642484
1.308997  -1.416667  0.03981600
1.308997  -1.375000  0.04349494
1.308997  -1.333333  0.04748076
1.308997  -1.291667  0.05179280
1.308997  -1.250000  0.05645044
1.308997  -1.208333  0.06147288
1.308997  -1.166667  0.06687881
1.308997  -1.125000  0.07268609
1.308997  -1.083333  0.07891137
1.308997  -1.041667  0.08556967
1.308997  -1.000000  0.09267388
1.308997  -0.958333  0.10023436
1.308997  -0.916667  0.10825832
1.308997  -0.875000  0.11674943
1.308997  -0.833333  0.12570720
1.308997  -0.791667  0.13512662
1.308997  -0.750000  0.14499767
1.308997  -0.708333  0.15530502
1.308997  -0.666667  0.16602777
1.308997  -0.625000  0.17713935
1.308997  -0.583333  0.18860755
1.308997  -0.541667  0.20039469
1.308997  -0.500000  0.21245795
1.308997  -0.458333  0.22474991
1.308997  -0.416667  0.23721921
1.308997  -0.375000  0.24981135
1.308997  -0.333333  0.26246961
1.308997  -0.291667  0.27513608
1.308997  -0.250000  0.28775269
1.308997  -0.208333  0.30026228
1.308997  -0.166667  0.31260963
1.308997  -0.125000  0.32474240
1.308997  -0.083333  0.33661198
1.308997  -0.041667  0.34817421
1.308997  0.000000  0.35938991
1.308997  0.041667  0.37022530
1.308997  0.083333  0.38065220
1.308997  0.125000  0.39064813
1.308997  0.166667  0.40019620
1.308997  0.208333  0.40928494
1.308997  0.250000  0.41790794
1.308997  0.291667  0.42606349
1.308997  0.333333  0.43375414
1.308997  0.375000  0.44098616
1.308997  0.416667  0.44776905
1.308997  0.458333  0.45411506
1.308997  0.500000  0.46003865
1.308997  0.541667  0.46555605
1.308997  0.583333  0.47068482
1.308997  0.625000  0.47544345
1.308997  0.666667  0.47985103
1.308997  0.708333  0.48392692
1.308997  0.750000  0.48769049
1.308997  0.791667  0.49116093
1.308997  0.833333  0.49435704
1.308997  0.875000  0.49729707
1.308997  0.916667  0.49999866
1.308997  0.958333  0.50247870
1.308997  1.000000  0.50475331
1.308997  1.041667  0.50683778
1.308997  1.083333  0.50874656
1.308997  1.125000  0.51049324
1.308997  1.166667  0.51209057
1.308997  1.208333  0.51355048
1.308997  1.250000  0.51488407
1.308997  1.291667  0.51610169
1.308997  1.333333  0.51721293
1.308997  1.375000  0.51822667
1.308997  1.416667  0.51915113
1.308997  1.458333  0.51999388
1.308997  1.500000  0.52076192
1.308997  1.541667  0.52146166
1.308997  1.583333  0.52209903
1.308997  1.625000  0.52267944
1.308997  1.666667  0.52320787
1.308997  1.708333  0.52368890
1.308997  1.750000  0.52412668
1.308997  1.791667  0.52452505
1.308997  1.833333  0.52488750
1.308997  1.875000  0.52521723
1.308997  1.916667  0.52551716
1.308997  1.958333  0.52578994
1.308997  2.000000  0.52603802

1.361357  -3.000000  0.00090105
1.361357  -2.958333  0.00099157
1.361357  -2.916667  0.00109117
1.361357  -2.875000  0.00120073
1.361357  -2.833333  0.00132127
1.361357  -2.791667  0.00145386
1.361357  -2.750000  0.00159971
1.361357  -2.708333  0.00176013
1.361357  -2.666667  0.00193657
1.361357  -2.625000  0.00213060
1.361357  -2.583333  0.00234397
1.361357  -2.541667  0.00257857
1.361357  -2.500000  0.00283650
1.361357  -2.458333  0.00312005
1.361357  -2.416667  0.00343170
1.361357  -2.375000  0.00377422
1.361357  -2.333333  0.00415058
1.361357  -2.291667  0.00456408
1.361357  -2.250000  0.00501828
1.361357  -2.208333  0.00551710
1.361357  -2.166667  0.00606479
1.361357  -2.125000  0.00666599
1.361357  -2.083333  0.00732576
1.361357  -2.041667  0.00804959
1.361357  -2.000000  0.00884343
1.361357  -1.958333  0.00971376
1.361357  -1.916667  0.01066757
1.361357  -1.875000  0.01171241
1.361357  -1.833333  0.01285646
1.361357  -1.791667  0.01410847
1.361357  -1.750000  0.01547788
1.361357  -1.708333  0.01697477
1.361357  -1.666667  0.01860992
1.361357  -1.625000  0.02039478
1.361357  -1.583333  0.02234152
1.361357  -1.541667  0.02446296
1.361357  -1.500000  0.02677259
1.361357  -1.458333  0.02928450
1.361357  -1.416667  0.03201334
1.361357  -1.375000  0.03497423
1.361357  -1.333333  0.03818265
1.361357  -1.291667  0.04165430
1.361357  -1.250000  0.04540497
1.361357  -1.208333  0.04945027
1.361357  -1.166667  0.05380547
1.361357  -1.125000  0.05848518
1.361357  -1.083333  0.06350308
1.361357  -1.041667  0.06887156
1.361357  -1.000000  0.07460133
1.361357  -0.958333  0.08070108
1.361357  -0.916667  0.08717701
1.361357  -0.875000  0.09403248
1.361357  -0.833333  0.10126751
1.361357  -0.791667  0.10887850
1.361357  -0.750000  0.11685782
1.361357  -0.708333  0.12519352
1.361357  -0.666667  0.13386917
1.361357  -0.625000  0.14286374
1.361357  -0.583333  0.15215158
1.361357  -0.541667  0.16170257
1.361357  -0.500000  0.17148239
1.361357  -0.458333  0.18145291
1.361357  -0.416667  0.19157271
1.361357  -0.375000  0.20179775
1.361357  -0.333333  0.21208211
1.361357  -0.291667  0.22237875
1.361357  -0.250000  0.23264044
1.361357  -0.208333  0.24282057
1.361357  -0.166667  0.25287403
1.361357  -0.125000  0.26275793
1.361357  -0.083333  0.27243238
1.361357  -0.041667  0.28186102
1.361357  0.000000  0.29101150
1.361357  0.041667  0.29985582
1.361357  0.083333  0.30837054
1.361357  0.125000  0.31653684
1.361357  0.166667  0.32434048
1.361357  0.208333  0.33177160
1.361357  0.250000  0.33882455
1.361357  0.291667  0.34549752
1.361357  0.333333  0.35179218
1.361357  0.375000  0.35771330
1.361357  0.416667  0.36326833
1.361357  0.458333  0.36846698
1.361357  0.500000  0.37332082
1.361357  0.541667  0.37784291
1.361357  0.583333  0.38204740
1.361357  0.625000  0.38594925
1.361357  0.666667  0.38956395
1.361357  0.708333  0.39290721
1.361357  0.750000  0.39599480
1.361357  0.791667  0.39884233
1.361357  0.833333  0.40146512
1.361357  0.875000  0.40387808
1.361357  0.916667  0.40609560
1.361357  0.958333  0.40813149
1.361357  1.000000  0.40999892
1.361357  1.041667  0.41171041
1.361357  1.083333  0.41327777
1.361357  1.125000  0.41471213
1.361357  1.166667  0.41602394
1.361357  1.208333  0.41722296
1.361357  1.250000  0.41831830
1.361357  1.291667  0.41931845
1.361357  1.333333  0.42023125
1.361357  1.375000  0.42106401
1.361357  1.416667  0.42182345
1.361357  1.458333  0.42251579
1.361357  1.500000  0.42314678
1.361357  1.541667  0.42372167
1.361357  1.583333  0.42424534
1.361357  1.625000  0.42472222
1.361357  1.666667  0.42515640
1.361357  1.708333  0.42555164
1.361357  1.750000  0.42591135
1.361357  1.791667  0.42623869
1.361357  1.833333  0.42653652
1.361357  1.875000  0.42680746
1.361357  1.916667  0.42705392
1.361357  1.958333  0.42727807
1.361357  2.000000  0.42748193

1.413717  -3.000000  0.00067798
1.413717  -2.958333  0.00074609
1.413717  -2.916667  0.00082103
1.413717  -2.875000  0.00090347
1.413717  -2.833333  0.00099417
1.413717  -2.791667  0.00109394
1.413717  -2.750000  0.00120369
1.413717  -2.708333  0.00132440
1.413717  -2.666667  0.00145717
1.413717  -2.625000  0.00160318
1.413717  -2.583333  0.00176374
1.413717  -2.541667  0.00194028
1.413717  -2.500000  0.00213438
1.413717  -2.458333  0.00234776
1.413717  -2.416667  0.00258230
1.413717  -2.375000  0.00284006
1.413717  -2.333333  0.00312330
1.413717  -2.291667  0.00343450
1.413717  -2.250000  0.00377634
1.413717  -2.208333  0.00415176
1.413717  -2.166667  0.00456398
1.413717  -2.125000  0.00501650
1.413717  -2.083333  0.00551311
1.413717  -2.041667  0.00605796
1.413717  -2.000000  0.00665555
1.413717  -1.958333  0.00731073
1.413717  -1.916667  0.00802880
1.413717  -1.875000  0.00881546
1.413717  -1.833333  0.00967685
1.413717  -1.791667  0.01061960
1.413717  -1.750000  0.01165082
1.413717  -1.708333  0.01277813
1.413717  -1.666667  0.01400968
1.413717  -1.625000  0.01535412
1.413717  -1.583333  0.01682064
1.413717  -1.541667  0.01841896
1.413717  -1.500000  0.02015927
1.413717  -1.458333  0.02205227
1.413717  -1.416667  0.02410905
1.413717  -1.375000  0.02634110
1.413717  -1.333333  0.02876016
1.413717  -1.291667  0.03137819
1.413717  -1.250000  0.03420721
1.413717  -1.208333  0.03725913
1.413717  -1.166667  0.04054564
1.413717  -1.125000  0.04407793
1.413717  -1.083333  0.04786652
1.413717  -1.041667  0.05192099
1.413717  -1.000000  0.05624967
1.413717  -0.958333  0.06085940
1.413717  -0.916667  0.06575515
1.413717  -0.875000  0.07093976
1.413717  -0.833333  0.07641359
1.413717  -0.791667  0.08217426
1.413717  -0.750000  0.08821633
1.413717  -0.708333  0.09453115
1.413717  -0.666667  0.10110663
1.413717  -0.625000  0.10792717
1.413717  -0.583333  0.11497368
1.413717  -0.541667  0.12222363
1.413717  -0.500000  0.12965125
1.413717  -0.458333  0.13722784
1.413717  -0.416667  0.14492215
1.413717  -0.375000  0.15270083
1.413717  -0.333333  0.16052905
1.413717  -0.291667  0.16837106
1.413717  -0.250000  0.17619085
1.413717  -0.208333  0.18395284
1.413717  -0.166667  0.19162248
1.413717  -0.125000  0.19916687
1.413717  -0.083333  0.20655532
1.413717  -0.041667  0.21375978
1.413717  0.000000  0.22075522
1.413717  0.041667  0.22751991
1.413717  0.083333  0.23403556
1.413717  0.125000  0.24028740
1.413717  0.166667  0.24626417
1.413717  0.208333  0.25195798
1.413717  0.250000  0.25736413
1.413717  0.291667  0.26248091
1.413717  0.333333  0.26730928
1.413717  0.375000  0.27185261
1.413717  0.416667  0.27611635
1.413717  0.458333  0.28010770
1.413717  0.500000  0.28383532
1.413717  0.541667  0.28730902
1.413717  0.583333  0.29053952
1.413717  0.625000  0.29353813
1.413717  0.666667  0.29631662
1.413717  0.708333  0.29888694
1.413717  0.750000  0.30126110
1.413717  0.791667  0.30345102
1.413717  0.833333  0.30546840
1.413717  0.875000  0.30732463
1.413717  0.916667  0.30903072
1.413717  0.958333  0.31059724
1.413717  1.000000  0.31203430
1.413717  1.041667  0.31335147
1.413717  1.083333  0.31455783
1.413717  1.125000  0.31566191
1.413717  1.166667  0.31667173
1.413717  1.208333  0.31759479
1.413717  1.250000  0.31843808
1.413717  1.291667  0.31920813
1.413717  1.333333  0.31991096
1.413717  1.375000  0.32055219
1.413717  1.416667  0.32113699
1.413717  1.458333  0.32167014
1.413717  1.500000  0.32215606
1.413717  1.541667  0.32259880
1.413717  1.583333  0.32300210
1.413717  1.625000  0.32336937
1.413717  1.666667  0.32370378
1.413717  1.708333  0.32400819
1.413717  1.750000  0.32428524
1.413717  1.791667  0.32453737
1.413717  1.833333  0.32476677
1.413717  1.875000  0.32497546
1.413717  1.916667  0.32516530
1.413717  1.958333  0.32533796
1.413717  2.000000  0.32549499

1.466077  -3.000000  0.00045303
1.466077  -2.958333  0.00049855
1.466077  -2.916667  0.00054862
1.466077  -2.875000  0.00060371
1.466077  -2.833333  0.00066432
1.466077  -2.791667  0.00073100
1.466077  -2.750000  0.00080433
1.466077  -2.708333  0.00088500
1.466077  -2.666667  0.00097372
1.466077  -2.625000  0.00107130
1.466077  -2.583333  0.00117860
1.466077  -2.541667  0.00129658
1.466077  -2.500000  0.00142630
1.466077  -2.458333  0.00156890
1.466077  -2.416667  0.00172564
1.466077  -2.375000  0.00189791
1.466077  -2.333333  0.00208722
1.466077  -2.291667  0.00229521
1.466077  -2.250000  0.00252369
1.466077  -2.208333  0.00277462
1.466077  -2.166667  0.00305016
1.466077  -2.125000  0.00335263
1.466077  -2.083333  0.00368460
1.466077  -2.041667  0.00404883
1.466077  -2.000000  0.00444832
1.466077  -1.958333  0.00488635
1.466077  -1.916667  0.00536644
1.466077  -1.875000  0.00589241
1.466077  -1.833333  0.00646839
1.466077  -1.791667  0.00709882
1.466077  -1.750000  0.00778846
1.466077  -1.708333  0.00854243
1.466077  -1.666667  0.00936618
1.466077  -1.625000  0.01026553
1.466077  -1.583333  0.01124666
1.466077  -1.541667  0.01231608
1.466077  -1.500000  0.01348066
1.466077  -1.458333  0.01474758
1.466077  -1.416667  0.01612433
1.466077  -1.375000  0.01761864
1.466077  -1.333333  0.01923844
1.466077  -1.291667  0.02099181
1.466077  -1.250000  0.02288687
1.466077  -1.208333  0.02493170
1.466077  -1.166667  0.02713424
1.466077  -1.125000  0.02950211
1.466077  -1.083333  0.03204250
1.466077  -1.041667  0.03476197
1.466077  -1.000000  0.03766630
1.466077  -0.958333  0.04076024
1.466077  -0.916667  0.04404733
1.466077  -0.875000  0.04752969
1.466077  -0.833333  0.05120780
1.466077  -0.791667  0.05508028
1.466077  -0.750000  0.05914375
1.466077  -0.708333  0.06339262
1.466077  -0.666667  0.06781902
1.466077  -0.625000  0.07241271
1.466077  -0.583333  0.07716105
1.466077  -0.541667  0.08204911
1.466077  -0.500000  0.08705972
1.466077  -0.458333  0.09217369
1.466077  -0.416667  0.09737008
1.466077  -0.375000  0.10262650
1.466077  -0.333333  0.10791947
1.466077  -0.291667  0.11322486
1.466077  -0.250000  0.11851830
1.466077  -0.208333  0.12377566
1.466077  -0.166667  0.12897344
1.466077  -0.125000  0.13408924
1.466077  -0.083333  0.13910205
1.466077  -0.041667  0.14399268
1.466077  0.000000  0.14874391
1.466077  0.041667  0.15334075
1.466077  0.083333  0.15777053
1.466077  0.125000  0.16202296
1.466077  0.166667  0.16609011
1.466077  0.208333  0.16996638
1.466077  0.250000  0.17364831
1.466077  0.291667  0.17713450
1.466077  0.333333  0.18042540
1.466077  0.375000  0.18352308
1.466077  0.416667  0.18643108
1.466077  0.458333  0.18915412
1.466077  0.500000  0.19169795
1.466077  0.541667  0.19406912
1.466077  0.583333  0.19627482
1.466077  0.625000  0.19832267
1.466077  0.666667  0.20022058
1.466077  0.708333  0.20197664
1.466077  0.750000  0.20359898
1.466077  0.791667  0.20509566
1.466077  0.833333  0.20647464
1.466077  0.875000  0.20774364
1.466077  0.916667  0.20891015
1.466077  0.958333  0.20998137
1.466077  1.000000  0.21096416
1.466077  1.041667  0.21186505
1.466077  1.083333  0.21269022
1.466077  1.125000  0.21344550
1.466077  1.166667  0.21413635
1.466077  1.208333  0.21476789
1.466077  1.250000  0.21534489
1.466077  1.291667  0.21587181
1.466077  1.333333  0.21635276
1.466077  1.375000  0.21679157
1.466077  1.416667  0.21719179
1.466077  1.458333  0.21755667
1.466077  1.500000  0.21788924
1.466077  1.541667  0.21819227
1.466077  1.583333  0.21846831
1.466077  1.625000  0.21871971
1.466077  1.666667  0.21894860
1.466077  1.708333  0.21915698
1.466077  1.750000  0.21934663
1.466077  1.791667  0.21951922
1.466077  1.833333  0.21967626
1.466077  1.875000  0.21981912
1.466077  1.916667  0.21994908
1.466077  1.958333  0.22006728
1.466077  2.000000  0.22017478

1.518436  -3.000000  0.00022683
1.518436  -2.958333  0.00024962
1.518436  -2.916667  0.00027470
1.518436  -2.875000  0.00030228
1.518436  -2.833333  0.00033263
1.518436  -2.791667  0.00036601
1.518436  -2.750000  0.00040274
1.518436  -2.708333  0.00044313
1.518436  -2.666667  0.00048756
1.518436  -2.625000  0.00053642
1.518436  -2.583333  0.00059015
1.518436  -2.541667  0.00064923
1.518436  -2.500000  0.00071418
1.518436  -2.458333  0.00078560
1.518436  -2.416667  0.00086409
1.518436  -2.375000  0.00095036
1.518436  -2.333333  0.00104517
1.518436  -2.291667  0.00114933
1.518436  -2.250000  0.00126376
1.518436  -2.208333  0.00138944
1.518436  -2.166667  0.00152744
1.518436  -2.125000  0.00167894
1.518436  -2.083333  0.00184522
1.518436  -2.041667  0.00202766
1.518436  -2.000000  0.00222778
1.518436  -1.958333  0.00244721
1.518436  -1.916667  0.00268773
1.518436  -1.875000  0.00295125
1.518436  -1.833333  0.00323984
1.518436  -1.791667  0.00355573
1.518436  -1.750000  0.00390132
1.518436  -1.708333  0.00427918
1.518436  -1.666667  0.00469204
1.518436  -1.625000  0.00514284
1.518436  -1.583333  0.00563469
1.518436  -1.541667  0.00617086
1.518436  -1.500000  0.00675481
1.518436  -1.458333  0.00739017
1.518436  -1.416667  0.00808071
1.518436  -1.375000  0.00883035
1.518436  -1.333333  0.00964308
1.518436  -1.291667  0.01052299
1.518436  -1.250000  0.01147422
1.518436  -1.208333  0.01250085
1.518436  -1.166667  0.01360693
1.518436  -1.125000  0.01479635
1.518436  -1.083333  0.01607279
1.518436  -1.041667  0.01743962
1.518436  -1.000000  0.01889983
1.518436  -0.958333  0.02045590
1.518436  -0.916667  0.02210973
1.518436  -0.875000  0.02386248
1.518436  -0.833333  0.02571451
1.518436  -0.791667  0.02766526
1.518436  -0.750000  0.02971314
1.518436  -0.708333  0.03185547
1.518436  -0.666667  0.03408843
1.518436  -0.625000  0.03640696
1.518436  -0.583333  0.03880483
1.518436  -0.541667  0.04127462
1.518436  -0.500000  0.04380774
1.518436  -0.458333  0.04639462
1.518436  -0.416667  0.04902473
1.518436  -0.375000  0.05168680
1.518436  -0.333333  0.05436899
1.518436  -0.291667  0.05705909
1.518436  -0.250000  0.05974475
1.518436  -0.208333  0.06241370
1.518436  -0.166667  0.06505396
1.518436  -0.125000  0.06765410
1.518436  -0.083333  0.07020336
1.518436  -0.041667  0.07269188
1.518436  0.000000  0.07511078
1.518436  0.041667  0.07745232
1.518436  0.083333  0.07970991
1.518436  0.125000  0.08187817
1.518436  0.166667  0.08395295
1.518436  0.208333  0.08593122
1.518436  0.250000  0.08781112
1.518436  0.291667  0.08959181
1.518436  0.333333  0.09127337
1.518436  0.375000  0.09285679
1.518436  0.416667  0.09434374
1.518436  0.458333  0.09573656
1.518436  0.500000  0.09703810
1.518436  0.541667  0.09825164
1.518436  0.583333  0.09938077
1.518436  0.625000  0.10042936
1.518436  0.666667  0.10140138
1.518436  0.708333  0.10230094
1.518436  0.750000  0.10313216
1.518436  0.791667  0.10389913
1.518436  0.833333  0.10460589
1.518436  0.875000  0.10525639
1.518436  0.916667  0.10585443
1.518436  0.958333  0.10640369
1.518436  1.000000  0.10690766
1.518436  1.041667  0.10736969
1.518436  1.083333  0.10779292
1.518436  1.125000  0.10818034
1.518436  1.166667  0.10853474
1.518436  1.208333  0.10885874
1.518436  1.250000  0.10915478
1.518436  1.291667  0.10942513
1.518436  1.333333  0.10967192
1.518436  1.375000  0.10989710
1.518436  1.416667  0.11010248
1.518436  1.458333  0.11028974
1.518436  1.500000  0.11046042
1.518436  1.541667  0.11061594
1.518436  1.583333  0.11075762
1.518436  1.625000  0.11088665
1.518436  1.666667  0.11100414
1.518436  1.708333  0.11111110
1.518436  1.750000  0.11120845
1.518436  1.791667  0.11129704
1.518436  1.833333  0.11137765
1.518436  1.875000  0.11145099
1.518436  1.916667  0.11151770
1.518436  1.958333  0.11157838
1.518436  2.000000  0.11163356

1.570796  -3.000000  0.00000000
1.570796  -2.958333  0.00000000
1.570796  -2.916667  0.00000000
1.570796  -2.875000  0.00000000
1.570796  -2.833333  0.00000000
1.570796  -2.791667  0.00000000
1.570796  -2.750000  0.00000000
1.570796  -2.708333  0.00000000
1.570796  -2.666667  0.00000000
1.570796  -2.625000  0.00000000
1.570796  -2.583333  0.00000000
1.570796  -2.541667  0.00000000
1.570796  -2.500000  0.00000000
1.570796  -2.458333  0.00000000
1.570796  -2.416667  0.00000000
1.570796  -2.375000  0.00000000
1.570796  -2.333333  0.00000000
1.570796  -2.291667  0.00000000
1.570796  -2.250000  0.00000000
1.570796  -2.208333  0.00000000
1.570796  -2.166667  0.00000000
1.570796  -2.125000  0.00000000
1.570796  -2.083333  0.00000000
1.570796  -2.041667  0.00000000
1.570796  -2.000000  0.00000000
1.570796  -1.958333  0.00000000
1.570796  -1.916667  0.00000000
1.570796  -1.875000  0.00000000
1.570796  -1.833333  0.00000000
1.570796  -1.791667  0.00000000
1.570796  -1.750000  0.00000000
1.570796  -1.708333  0.00000000
1.570796  -1.666667  0.00000000
1.570796  -1.625000  0.00000000
1.570796  -1.583333  0.00000000
1.570796  -1.541667  0.00000000
1.570796  -1.500000  0.00000000
1.570796  -1.458333  0.00000000
1.570796  -1.416667  0.00000000
1.570796  -1.375000  0.00000000
1.570796  -1.333333  0.00000000
1.570796  -1.291667  0.00000000
1.570796  -1.250000  0.00000000
1.570796  -1.208333  0.00000000
1.570796  -1.166667  0.00000000
1.570796  -1.125000  0.00000000
1.570796  -1.083333  0.00000000
1.570796  -1.041667  0.00000000
1.570796  -1.000000  0.00000000
1.570796  -0.958333  0.00000000
1.570796  -0.916667  0.00000000
1.570796  -0.875000  0.00000000
1.570796  -0.833333  0.00000000
1.570796  -0.791667  0.00000000
1.570796  -0.750000  0.00000000
1.570796  -0.708333  0.00000000
1.570796  -0.666667  0.00000000
1.570796  -0.625000  0.00000000
1.570796  -0.583333  0.00000000
1.570796  -0.541667  0.00000000
1.570796  -0.500000  0.00000000
1.570796  -0.458333  0.00000000
1.570796  -0.416667  0.00000000
1.570796  -0.375000  0.00000000
1.570796  -0.333333  0.00000000
1.570796  -0.291667  0.00000000
1.570796  -0.250000  0.00000000
1.570796  -0.208333  0.00000000
1.570796  -0.166667  0.00000000
1.570796  -0.125000  0.00000000
1.570796  -0.083333  0.00000000
1.570796  -0.041667  0.00000000
1.570796  0.000000  0.00000000
1.570796  0.041667  0.00000000
1.570796  0.083333  0.00000000
1.570796  0.125000  0.00000000
1.570796  0.166667  0.00000000
1.570796  0.208333  0.00000000
1.570796  0.250000  0.00000000
1.570796  0.291667  0.00000000
1.570796  0.333333  0.00000000
1.570796  0.375000  0.00000000
1.570796  0.416667  0.00000000
1.570796  0.458333  0.00000000
1.570796  0.500000  0.00000000
1.570796  0.541667  0.00000000
1.570796  0.583333  0.00000000
1.570796  0.625000  0.00000000
1.570796  0.666667  0.00000000
1.570796  0.708333  0.00000000
1.570796  0.750000  0.00000000
1.570796  0.791667  0.00000000
1.570796  0.833333  0.00000000
1.570796  0.875000  0.00000000
1.570796  0.916667  0.00000000
1.570796  0.958333  0.00000000
1.570796  1.000000  0.00000000
1.570796  1.041667  0.00000000
1.570796  1.083333  0.00000000
1.570796  1.125000  0.00000000
1.570796  1.166667  0.00000000
1.570796  1.208333  0.00000000
1.570796  1.250000  0.00000000
1.570796  1.291667  0.00000000
1.570796  1.333333  0.00000000
1.570796  1.375000  0.00000000
1.570796  1.416667  0.00000000
1.570796  1.458333  0.00000000
1.570796  1.500000  0.00000000
1.570796  1.541667  0.00000000
1.570796  1.583333  0.00000000
1.570796  1.625000  0.00000000
1.570796  1.666667  0.00000000
1.570796  1.708333  0.00000000
1.570796  1.750000  0.00000000
1.570796  1.791667  0.00000000
1.570796  1.833333  0.00000000
1.570796  1.875000  0.00000000
1.570796  1.916667  0.00000000
1.570796  1.958333  0.00000000
1.570796  2.000000  0.00000000

1.623156  -3.000000  0.00022683
1.623156  -2.958333  0.00024962
1.623156  -2.916667  0.00027470
1.623156  -2.875000  0.00030228
1.623156  -2.833333  0.00033263
1.623156  -2.791667  0.00036601
1.623156  -2.750000  0.00040274
1.623156  -2.708333  0.00044313
1.623156  -2.666667  0.00048756
1.623156  -2.625000  0.00053642
1.623156  -2.583333  0.00059015
1.623156  -2.541667  0.00064923
1.623156  -2.500000  0.00071418
1.623156  -2.458333  0.00078560
1.623156  -2.416667  0.00086409
1.623156  -2.375000  0.00095036
1.623156  -2.333333  0.00104517
1.623156  -2.291667  0.00114933
1.623156  -2.250000  0.00126376
1.623156  -2.208333  0.00138944
1.623156  -2.166667  0.00152744
1.623156  -2.125000  0.00167894
1.623156  -2.083333  0.00184522
1.623156  -2.041667  0.00202766
1.623156  -2.000000  0.00222778
1.623156  -1.958333  0.00244721
1.623156  -1.916667  0.00268773
1.623156  -1.875000  0.00295125
1.623156  -1.833333  0.00323984
1.623156  -1.791667  0.00355573
1.623156  -1.750000  0.00390132
1.623156  -1.708333  0.00427918
1.623156  -1.666667  0.00469204
1.623156  -1.625000  0.00514284
1.623156  -1.583333  0.00563469
1.623156  -1.541667  0.00617086
1.623156  -1.500000  0.00675481
1.623156  -1.458333  0.00739017
1.623156  -1.416667  0.00808071
1.623156  -1.375000  0.00883035
1.623156  -1.333333  0.00964308
1.623156  -1.291667  0.01052299
1.623156  -1.250000  0.01147422
1.623156  -1.208333  0.01250085
1.623156  -1.166667  0.01360693
1.623156  -1.125000  0.01479635
1.623156  -1.083333  0.01607279
1.623156  -1.041667  0.01743962
1.623156  -1.000000  0.01889983
1.623156  -0.958333  0.02045590
1.623156  -0.916667  0.02210973
1.623156  -0.875000  0.02386248
1.623156  -0.833333  0.02571451
1.623156  -0.791667  0.02766526
1.623156  -0.750000  0.02971314
1.623156  -0.708333  0.03185547
1.623156  -0.666667  0.03408843
1.623156  -0.625000  0.03640696
1.623156  -0.583333  0.03880483
1.623156  -0.541667  0.04127462
1.623156  -0.500000  0.04380774
1.623156  -0.458333  0.04639462
1.623156  -0.416667  0.04902473
1.623156  -0.375000  0.05168680
1.623156  -0.333333  0.05436899
1.623156  -0.291667  0.05705909
1.623156  -0.250000  0.05974475
1.623156  -0.208333  0.06241370
1.623156  -0.166667  0.06505396
1.623156  -0.125000  0.06765410
1.623156  -0.083333  0.07020336
1.623156  -0.041667  0.07269188
1.623156  0.000000  0.07511078
1.623156  0.041667  0.07745232
1.623156  0.083333  0.07970991
1.623156  0.125000  0.08187817
1.623156  0.166667  0.08395295
1.623156  0.208333  0.08593122
1.623156  0.250000  0.08781112
1.623156  0.291667  0.08959181
1.623156  0.333333  0.09127337
1.623156  0.375000  0.09285679
1.623156  0.416667  0.09434374
1.623156  0.458333  0.09573656
1.623156  0.500000  0.09703810
1.623156  0.541667  0.09825164
1.623156  0.583333  0.09938077
1.623156  0.625000  0.10042936
1.623156  0.666667  0.10140138
1.623156  0.708333  0.10230094
1.623156  0.750000  0.10313216
1.623156  0.791667  0.10389913
1.623156  0.833333  0.10460589
1.623156  0.875000  0.10525639
1.623156  0.916667  0.10585443
1.623156  0.958333  0.10640369
1.623156  1.000000  0.10690766
1.623156  1.041667  0.10736969
1.623156  1.083333  0.10779292
1.623156  1.125000  0.10818034
1.623156  1.166667  0.10853474
1.623156  1.208333  0.10885874
1.623156  1.250000  0.10915478
1.623156  1.291667  0.10942513
1.623156  1.333333  0.10967192
1.623156  1.375000  0.10989710
1.623156  1.416667  0.11010248
1.623156  1.458333  0.11028974
1.623156  1.500000  0.11046042
1.623156  1.541667  0.11061594
1.623156  1.583333  0.11075762
1.623156  1.625000  0.11088665
1.623156  1.666667  0.11100414
1.623156  1.708333  0.11111110
1.623156  1.750000  0.11120845
1.623156  1.791667  0.11129704
1.623156  1.833333  0.11137765
1.623156  1.875000  0.11145099
1.623156  1.916667  0.11151770
1.623156  1.958333  0.11157838
1.623156  2.000000  0.11163356

1.675516  -3.000000  0.00045303
1.675516  -2.958333  0.00049855
1.675516  -2.916667  0.00054862
1.675516  -2.875000  0.00060371
1.675516  -2.833333  0.00066432
1.675516  -2.791667  0.00073100
1.675516  -2.750000  0.00080433
1.675516  -2.708333  0.00088500
1.675516  -2.666667  0.00097372
1.675516  -2.625000  0.00107130
1.675516  -2.583333  0.00117860
1.675516  -2.541667  0.00129658
1.675516  -2.500000  0.00142630
1.675516  -2.458333  0.00156890
1.675516  -2.416667  0.00172564
1.675516  -2.375000  0.00189791
1.675516  -2.333333  0.00208722
1.675516  -2.291667  0.00229521
1.675516  -2.250000  0.00252369
1.675516  -2.208333  0.00277462
1.675516  -2.166667  0.00305016
1.675516  -2.125000  0.00335263
1.675516  -2.083333  0.00368460
1.675516  -2.041667  0.00404883
1.675516  -2.000000  0.00444832
1.675516  -1.958333  0.00488635
1.675516  -1.916667  0.00536644
1.675516  -1.875000  0.00589241
1.675516  -1.833333  0.00646839
1.675516  -1.791667  0.00709882
1.675516  -1.750000  0.00778846
1.675516  -1.708333  0.00854243
1.675516  -1.666667  0.00936618
1.675516  -1.625000  0.01026553
1.675516  -1.583333  0.01124666
1.675516  -1.541667  0.01231608
1.675516  -1.500000  0.01348066
1.675516  -1.458333  0.01474758
1.675516  -1.416667  0.01612433
1.675516  -1.375000  0.01761864
1.675516  -1.333333  0.01923844
1.675516  -1.291667  0.02099181
1.675516  -1.250000  0.02288687
1.675516  -1.208333  0.02493170
1.675516  -1.166667  0.02713424
1.675516  -1.125000  0.02950211
1.675516  -1.083333  0.03204250
1.675516  -1.041667  0.03476197
1.675516  -1.000000  0.03766630
1.675516  -0.958333  0.04076024
1.675516  -0.916667  0.04404733
1.675516  -0.875000  0.04752969
1.675516  -0.833333  0.05120780
1.675516  -0.791667  0.05508028
1.675516  -0.750000  0.05914375
1.675516  -0.708333  0.06339262
1.675516  -0.666667  0.06781902
1.675516  -0.625000  0.07241271
1.675516  -0.583333  0.07716105
1.675516  -0.541667  0.08204911
1.675516  -0.500000  0.08705972
1.675516  -0.458333  0.09217369
1.675516  -0.416667  0.09737008
1.675516  -0.375000  0.10262650
1.675516  -0.333333  0.10791947
1.675516  -0.291667  0.11322486
1.675516  -0.250000  0.11851830
1.675516  -0.208333  0.12377566
1.675516  -0.166667  0.12897344
1.675516  -0.125000  0.13408924
1.675516  -0.083333  0.13910205
1.675516  -0.041667  0.14399268
1.675516  0.000000  0.14874391
1.675516  0.041667  0.15334075
1.675516  0.083333  0.15777053
1.675516  0.125000  0.16202296
1.675516  0.166667  0.16609011
1.675516  0.208333  0.16996638
1.675516  0.250000  0.17364831
1.675516  0.291667  0.17713450
1.675516  0.333333  0.18042540
1.675516  0.375000  0.18352308
1.675516  0.416667  0.18643108
1.675516  0.458333  0.18915412
1.675516  0.500000  0.19169795
1.675516  0.541667  0.19406912
1.675516  0.583333  0.19627482
1.675516  0.625000  0.19832267
1.675516  0.666667  0.20022058
1.675516  0.708333  0.20197664
1.675516  0.750000  0.20359898
1.675516  0.791667  0.20509566
1.675516  0.833333  0.20647464
1.675516  0.875000  0.20774364
1.675516  0.916667  0.20891015
1.675516  0.958333  0.20998137
1.675516  1.000000  0.21096416
1.675516  1.041667  0.21186505
1.675516  1.083333  0.21269022
1.675516  1.125000  0.21344550
1.675516  1.166667  0.21413635
1.675516  1.208333  0.21476789
1.675516  1.250000  0.21534489
1.675516  1.291667  0.21587181
1.675516  1.333333  0.21635276
1.675516  1.375000  0.21679157
1.675516  1.416667  0.21719179
1.675516  1.458333  0.21755667
1.675516  1.500000  0.21788924
1.675516  1.541667  0.21819227
1.675516  1.583333  0.21846831
1.675516  1.625000  0.21871971
1.675516  1.666667  0.21894860
1.675516  1.708333  0.21915698
1.675516  1.750000  0.21934663
1.675516  1.791667  0.21951922
1.675516  1.833333  0.21967626
1.675516  1.875000  0.21981912
1.675516  1.916667  0.21994908
1.675516  1.958333  0.22006728
1.675516  2.000000  0.22017478

1.727876  -3.000000  0.00067798
1.727876  -2.958333  0.00074609
1.727876  -2.916667  0.00082103
1.727876  -2.875000  0.00090347
1.727876  -2.833333  0.00099417
1.727876  -2.791667  0.00109394
1.727876  -2.750000  0.00120369
1.727876  -2.708333  0.00132440
1.727876  -2.666667  0.00145717
1.727876  -2.625000  0.00160318
1.727876  -2.583333  0.00176374
1.727876  -2.541667  0.00194028
1.727876  -2.500000  0.00213438
1.727876  -2.458333  0.00234776
1.727876  -2.416667  0.00258230
1.727876  -2.375000  0.00284006
1.727876  -2.333333  0.00312330
1.727876  -2.291667  0.00343450
1.727876  -2.250000  0.00377634
1.727876  -2.208333  0.00415176
1.727876  -2.166667  0.00456398
1.727876  -2.125000  0.00501650
1.727876  -2.083333  0.00551311
1.727876  -2.041667  0.00605796
1.727876  -2.000000  0.00665555
1.727876  -1.958333  0.00731073
1.727876  -1.916667  0.00802880
1.727876  -1.875000  0.00881546
1.727876  -1.833333  0.00967685
1.727876  -1.791667  0.01061960
1.727876  -1.750000  0.01165082
1.727876  -1.708333  0.01277813
1.727876  -1.666667  0.01400968
1.727876  -1.625000  0.01535412
1.727876  -1.583333  0.01682064
1.727876  -1.541667  0.01841896
1.727876  -1.500000  0.02015927
1.727876  -1.458333  0.02205227
1.727876  -1.416667  0.02410905
1.727876  -1.375000  0.02634110
1.727876  -1.333333  0.02876016
1.727876  -1.291667  0.03137819
1.727876  -1.250000  0.03420721
1.727876  -1.208333  0.03725913
1.727876  -1.166667  0.04054564
1.727876  -1.125000  0.04407793
1.727876  -1.083333  0.04786652
1.727876  -1.041667  0.05192099
1.727876  -1.000000  0.05624967
1.727876  -0.958333  0.06085940
1.727876  -0.916667  0.06575515
1.727876  -0.875000  0.07093976
1.727876  -0.833333  0.07641359
1.727876  -0.791667  0.08217426
1.727876  -0.750000  0.08821633
1.727876  -0.708333  0.09453115
1.727876  -0.666667  0.10110663
1.727876  -0.625000  0.10792717
1.727876  -0.583333  0.11497368
1.727876  -0.541667  0.12222363
1.727876  -0.500000  0.12965125
1.727876  -0.458333  0.13722784
1.727876  -0.416667  0.14492215
1.727876  -0.375000  0.15270083
1.727876  -0.333333  0.16052905
1.727876  -0.291667  0.16837106
1.727876  -0.250000  0.17619085
1.727876  -0.208333  0.18395284
1.727876  -0.166667  0.19162248
1.727876  -0.125000  0.19916687
1.727876  -0.083333  0.20655532
1.727876  -0.041667  0.21375978
1.727876  0.000000  0.22075522
1.727876  0.041667  0.22751991
1.727876  0.083333  0.23403556
1.727876  0.125000  0.24028740
1.727876  0.166667  0.24626417
1.727876  0.208333  0.25195798
1.727876  0.250000  0.25736413
1.727876  0.291667  0.26248091
1.727876  0.333333  0.26730928
1.727876  0.375000  0.27185261
1.727876  0.416667  0.27611635
1.727876  0.458333  0.28010770
1.727876  0.500000  0.28383532
1.727876  0.541667  0.28730902
1.727876  0.583333  0.29053952
1.727876  0.625000  0.29353813
1.727876  0.666667  0.29631662
1.727876  0.708333  0.29888694
1.727876  0.750000  0.30126110
1.727876  0.791667  0.30345102
1.727876  0.833333  0.30546840
1.727876  0.875000  0.30732463
1.727876  0.916667  0.30903072
1.727876  0.958333  0.31059724
1.727876  1.000000  0.31203430
1.727876  1.041667  0.31335147
1.727876  1.083333  0.31455783
1.727876  1.125000  0.31566191
1.727876  1.166667  0.31667173
1.727876  1.208333  0.31759479
1.727876  1.250000  0.31843808
1.727876  1.291667  0.31920813
1.727876  1.333333  0.31991096
1.727876  1.375000  0.32055219
1.727876  1.416667  0.32113699
1.727876  1.458333  0.32167014
1.727876  1.500000  0.32215606
1.727876  1.541667  0.32259880
1.727876  1.583333  0.32300210
1.727876  1.625000  0.32336937
1.727876  1.666667  0.32370378
1.727876  1.708333  0.32400819
1.727876  1.750000  0.32428524
1.727876  1.791667  0.32453737
1.727876  1.833333  0.32476677
1.727876  1.875000  0.32497546
1.727876  1.916667  0.32516530
1.727876  1.958333  0.32533796
1.727876  2.000000  0.32549499

1.780236  -3.000000  0.00090105
1.780236  -2.958333  0.00099157
1.780236  -2.916667  0.00109117
1.780236  -2.875000  0.00120073
1.780236  -2.833333  0.00132127
1.780236  -2.791667  0.00145386
1.780236  -2.750000  0.00159971
1.780236  -2.708333  0.00176013
1.780236  -2.666667  0.00193657
1.780236  -2.625000  0.00213060
1.780236  -2.583333  0.00234397
1.780236  -2.541667  0.00257857
1.780236  -2.500000  0.00283650
1.780236  -2.458333  0.00312005
1.780236  -2.416667  0.00343170
1.780236  -2.375000  0.00377422
1.780236  -2.333333  0.00415058
1.780236  -2.291667  0.00456408
1.780236  -2.250000  0.00501828
1.780236  -2.208333  0.00551710
1.780236  -2.166667  0.00606479
1.780236  -2.125000  0.00666599
1.780236  -2.083333  0.00732576
1.780236  -2.041667  0.00804959
1.780236  -2.000000  0.00884343
1.780236  -1.958333  0.00971376
1.780236  -1.916667  0.01066757
1.780236  -1.875000  0.01171241
1.780236  -1.833333  0.01285646
1.780236  -1.791667  0.01410847
1.780236  -1.750000  0.01547788
1.780236  -1.708333  0.01697477
1.780236  -1.666667  0.01860992
1.780236  -1.625000  0.02039478
1.780236  -1.583333  0.02234152
1.780236  -1.541667  0.02446296
1.780236  -1.500000  0.02677259
1.780236  -1.458333  0.02928450
1.780236  -1.416667  0.03201334
1.780236  -1.375000  0.03497423
1.780236  -1.333333  0.03818265
1.780236  -1.291667  0.04165430
1.780236  -1.250000  0.04540497
1.780236  -1.208333  0.04945027
1.780236  -1.166667  0.05380547
1.780236  -1.125000  0.05848518
1.780236  -1.083333  0.06350308
1.780236  -1.041667  0.06887156
1.780236  -1.000000  0.07460133
1.780236  -0.958333  0.08070108
1.780236  -0.916667  0.08717701
1.780236  -0.875000  0.09403248
1.780236  -0.833333  0.10126751
1.780236  -0.791667  0.10887850
1.780236  -0.750000  0.11685782
1.780236  -0.708333  0.12519352
1.780236  -0.666667  0.13386917
1.780236  -0.625000  0.14286374
1.780236  -0.583333  0.15215158
1.780236  -0.541667  0.16170257
1.780236  -0.500000  0.17148239
1.780236  -0.458333  0.18145291
1.780236  -0.416667  0.19157271
1.780236  -0.375000  0.20179775
1.780236  -0.333333  0.21208211
1.780236  -0.291667  0.22237875
1.780236  -0.250000  0.23264044
1.780236  -0.208333  0.24282057
1.780236  -0.166667  0.25287403
1.780236  -0.125000  0.26275793
1.780236  -0.083333  0.27243238
1.780236  -0.041667  0.28186102
1.780236  0.000000  0.29101150
1.780236  0.041667  0.29985582
1.780236  0.083333  0.30837054
1.780236  0.125000  0.31653684
1.780236  0.166667  0.32434048
1.780236  0.208333  0.33177160
1.780236  0.250000  0.33882455
1.780236  0.291667  0.34549752
1.780236  0.333333  0.35179218
1.780236  0.375000  0.35771330
1.780236  0.416667  0.36326833
1.780236  0.458333  0.36846698
1.780236  0.500000  0.37332082
1.780236  0.541667  0.37784291
1.780236  0.583333  0.38204740
1.780236  0.625000  0.38594925
1.780236  0.666667  0.38956395
1.780236  0.708333  0.39290721
1.780236  0.750000  0.39599480
1.780236  0.791667  0.39884233
1.780236  0.833333  0.40146512
1.780236  0.875000  0.40387808
1.780236  0.916667  0.40609560
1.780236  0.958333  0.40813149
1.780236  1.000000  0.40999892
1.780236  1.041667  0.41171041
1.780236  1.083333  0.41327777
1.780236  1.125000  0.41471213
1.780236  1.166667  0.41602394
1.780236  1.208333  0.41722296
1.780236  1.250000  0.41831830
1.780236  1.291667  0.41931845
1.780236  1.333333  0.42023125
1.780236  1.375000  0.42106401
1.780236  1.416667  0.42182345
1.780236  1.458333  0.42251579
1.780236  1.500000  0.42314678
1.780236  1.541667  0.42372167
1.780236  1.583333  0.42424534
1.780236  1.625000  0.42472222
1.780236  1.666667  0.42515640
1.780236  1.708333  0.42555164
1.780236  1.750000  0.42591135
1.780236  1.791667  0.42623869
1.780236  1.833333  0.42653652
1.780236  1.875000  0.42680746
1.780236  1.916667  0.42705392
1.780236  1.958333  0.42727807
1.780236  2.000000  0.42748193

1.832596  -3.000000  0.00112165
1.832596  -2.958333  0.00123433
1.832596  -2.916667  0.00135830
1.832596  -2.875000  0.00149468
1.832596  -2.833333  0.00164472
1.832596  -2.791667  0.00180977
1.832596  -2.750000  0.00199131
1.832596  -2.708333  0.00219099
1.832596  -2.666667  0.00241060
1.832596  -2.625000  0.00265212
1.832596  -2.583333  0.00291770
1.832596  -2.541667  0.00320970
1.832596  -2.500000  0.00353074
1.832596  -2.458333  0.00388365
1.832596  -2.416667  0.00427155
1.832596  -2.375000  0.00469784
1.832596  -2.333333  0.00516625
1.832596  -2.291667  0.00568087
1.832596  -2.250000  0.00624613
1.832596  -2.208333  0.00686690
1.832596  -2.166667  0.00754847
1.832596  -2.125000  0.00829661
1.832596  -2.083333  0.00911760
1.832596  -2.041667  0.01001826
1.832596  -2.000000  0.01100601
1.832596  -1.958333  0.01208887
1.832596  -1.916667  0.01327554
1.832596  -1.875000  0.01457540
1.832596  -1.833333  0.01599858
1.832596  -1.791667  0.01755597
1.832596  -1.750000  0.01925926
1.832596  -1.708333  0.02112097
1.832596  -1.666667  0.02315445
1.832596  -1.625000  0.02537390
1.832596  -1.583333  0.02779439
1.832596  -1.541667  0.03043180
1.832596  -1.500000  0.03330280
1.832596  -1.458333  0.03642484
1.832596  -1.416667  0.03981600
1.832596  -1.375000  0.04349494
1.832596  -1.333333  0.04748076
1.832596  -1.291667  0.05179280
1.832596  -1.250000  0.05645044
1.832596  -1.208333  0.06147288
1.832596  -1.166667  0.06687881
1.832596  -1.125000  0.07268609
1.832596  -1.083333  0.07891137
1.832596  -1.041667  0.08556967
1.832596  -1.000000  0.09267388
1.832596  -0.958333  0.10023436
1.832596  -0.916667  0.10825832
1.832596  -0.875000  0.11674943
1.832596  -0.833333  0.12570720
1.832596  -0.791667  0.13512662
1.832596  -0.750000  0.14499767
1.832596  -0.708333  0.15530502
1.832596  -0.666667  0.16602777
1.832596  -0.625000  0.17713935
1.832596  -0.583333  0.18860755
1.832596  -0.541667  0.20039469
1.832596  -0.500000  0.21245795
1.832596  -0.458333  0.22474991
1.832596  -0.416667  0.23721921
1.832596  -0.375000  0.24981135
1.832596  -0.333333  0.26246961
1.832596  -0.291667  0.27513608
1.832596  -0.250000  0.28775269
1.832596  -0.208333  0.30026228
1.832596  -0.166667  0.31260963
1.832596  -0.125000  0.32474240
1.832596  -0.083333  0.33661198
1.832596  -0.041667  0.34817421
1.832596  0.000000  0.35938991
1.832596  0.041667  0.37022530
1.832596  0.083333  0.38065220
1.832596  0.125000  0.39064813
1.832596  0.166667  0.40019620
1.832596  0.208333  0.40928494
1.832596  0.250000  0.41790794
1.832596  0.291667  0.42606349
1.832596  0.333333  0.43375414
1.832596  0.375000  0.44098616
1.832596  0.416667  0.44776905
1.832596  0.458333  0.45411506
1.832596  0.500000  0.46003865
1.832596  0.541667  0.46555605
1.832596  0.583333  0.47068482
1.832596  0.625000  0.47544345
1.832596  0.666667  0.47985103
1.832596  0.708333  0.48392692
1.832596  0.750000  0.48769049
1.832596  0.791667  0.49116093
1.832596  0.833333  0.49435704
1.832596  0.875000  0.49729707
1.832596  0.916667  0.49999866
1.832596  0.958333  0.50247870
1.832596  1.000000  0.50475331
1.832596  1.041667  0.50683778
1.832596  1.083333  0.50874656
1.832596  1.125000  0.51049324
1.832596  1.166667  0.51209057
1.832596  1.208333  0.51355048
1.832596  1.250000  0.51488407
1.832596  1.291667  0.51610169
1.832596  1.333333  0.51721293
1.832596  1.375000  0.51822667
1.832596  1.416667  0.51915113
1.832596  1.458333  0.51999388
1.832596  1.500000  0.52076192
1.832596  1.541667  0.52146166
1.832596  1.583333  0.52209903
1.832596  1.625000  0.52267944
1.832596  1.666667  0.52320787
1.832596  1.708333  0.52368890
1.832596  1.750000  0.52412668
1.832596  1.791667  0.52452505
1.832596  1.833333  0.52488750
1.832596  1.875000  0.52521723
1.832596  1.916667  0.52551716
1.832596  1.958333  0.52578994
1.832596  2.000000  0.52603802

1.884956  -3.000000  0.00133916
1.884956  -2.958333  0.00147368
1.884956  -2.916667  0.00162169
1.884956  -2.875000  0.00178452
1.884956  -2.833333  0.00196364
1.884956  -2.791667  0.00216068
1.884956  -2.750000  0.00237742
1.884956  -2.708333  0.00261581
1.884956  -2.666667  0.00287799
1.884956  -2.625000  0.00316631
1.884956  -2.583333  0.00348336
1.884956  -2.541667  0.00383195
1.884956  -2.500000  0.00421520
1.884956  -2.458333  0.00463648
1.884956  -2.416667  0.00509953
1.884956  -2.375000  0.00560840
1.884956  -2.333333  0.00616754
1.884956  -2.291667  0.00678181
1.884956  -2.250000  0.00745653
1.884956  -2.208333  0.00819748
1.884956  -2.166667  0.00901097
1.884956  -2.125000  0.00990390
1.884956  -2.083333  0.01088374
1.884956  -2.041667  0.01195863
1.884956  -2.000000  0.01313740
1.884956  -1.958333  0.01442962
1.884956  -1.916667  0.01584564
1.884956  -1.875000  0.01739664
1.884956  -1.833333  0.01909469
1.884956  -1.791667  0.02095275
1.884956  -1.750000  0.02298473
1.884956  -1.708333  0.02520551
1.884956  -1.666667  0.02763099
1.884956  -1.625000  0.03027805
1.884956  -1.583333  0.03316458
1.884956  -1.541667  0.03630943
1.884956  -1.500000  0.03973242
1.884956  -1.458333  0.04345420
1.884956  -1.416667  0.04749622
1.884956  -1.375000  0.05188059
1.884956  -1.333333  0.05662986
1.884956  -1.291667  0.06176689
1.884956  -1.250000  0.06731455
1.884956  -1.208333  0.07329545
1.884956  -1.166667  0.07973155
1.884956  -1.125000  0.08664379
1.884956  -1.083333  0.09405161
1.884956  -1.041667  0.10197246
1.884956  -1.000000  0.11042125
1.884956  -0.958333  0.11940979
1.884956  -0.916667  0.12894614
1.884956  -0.875000  0.13903405
1.884956  -0.833333  0.14967239
1.884956  -0.791667  0.16085455
1.884956  -0.750000  0.17256799
1.884956  -0.708333  0.18479387
1.884956  -0.666667  0.19750674
1.884956  -0.625000  0.21067449
1.884956  -0.583333  0.22425831
1.884956  -0.541667  0.23821303
1.884956  -0.500000  0.25248744
1.884956  -0.458333  0.26702502
1.884956  -0.416667  0.28176467
1.884956  -0.375000  0.29664172
1.884956  -0.333333  0.31158902
1.884956  -0.291667  0.32653814
1.884956  -0.250000  0.34142062
1.884956  -0.208333  0.35616920
1.884956  -0.166667  0.37071907
1.884956  -0.125000  0.38500890
1.884956  -0.083333  0.39898190
1.884956  -0.041667  0.41258659
1.884956  0.000000  0.42577743
1.884956  0.041667  0.43851529
1.884956  0.083333  0.45076769
1.884956  0.125000  0.46250884
1.884956  0.166667  0.47371954
1.884956  0.208333  0.48438693
1.884956  0.250000  0.49450411
1.884956  0.291667  0.50406965
1.884956  0.333333  0.51308707
1.884956  0.375000  0.52156422
1.884956  0.416667  0.52951272
1.884956  0.458333  0.53694733
1.884956  0.500000  0.54388537
1.884956  0.541667  0.55034620
1.884956  0.583333  0.55635070
1.884956  0.625000  0.56192077
1.884956  0.666667  0.56707901
1.884956  0.708333  0.57184827
1.884956  0.750000  0.57625141
1.884956  0.791667  0.58031103
1.884956  0.833333  0.58404925
1.884956  0.875000  0.58748755
1.884956  0.916667  0.59064665
1.884956  0.958333  0.59354639
1.884956  1.000000  0.59620569
1.884956  1.041667  0.59864249
1.884956  1.083333  0.60087372
1.884956  1.125000  0.60291533
1.884956  1.166667  0.60478225
1.884956  1.208333  0.60648845
1.884956  1.250000  0.60804694
1.884956  1.291667  0.60946983
1.884956  1.333333  0.61076835
1.884956  1.375000  0.61195289
1.884956  1.416667  0.61303306
1.884956  1.458333  0.61401773
1.884956  1.500000  0.61491507
1.884956  1.541667  0.61573260
1.884956  1.583333  0.61647723
1.884956  1.625000  0.61715531
1.884956  1.666667  0.61777265
1.884956  1.708333  0.61833459
1.884956  1.750000  0.61884601
1.884956  1.791667  0.61931138
1.884956  1.833333  0.61973479
1.884956  1.875000  0.62011996
1.884956  1.916667  0.62047031
1.884956  1.958333  0.62078896
1.884956  2.000000  0.62107874

1.937315  -3.000000  0.00155299
1.937315  -2.958333  0.00170899
1.937315  -2.916667  0.00188062
1.937315  -2.875000  0.00206944
1.937315  -2.833333  0.00227716
1.937315  -2.791667  0.00250565
1.937315  -2.750000  0.00275698
1.937315  -2.708333  0.00303341
1.937315  -2.666667  0.00333743
1.937315  -2.625000  0.00367177
1.937315  -2.583333  0.00403940
1.937315  -2.541667  0.00444361
1.937315  -2.500000  0.00488800
1.937315  -2.458333  0.00537649
1.937315  -2.416667  0.00591338
1.937315  -2.375000  0.00650341
1.937315  -2.333333  0.00715170
1.937315  -2.291667  0.00786391
1.937315  -2.250000  0.00864617
1.937315  -2.208333  0.00950521
1.937315  -2.166667  0.01044832
1.937315  -2.125000  0.01148349
1.937315  -2.083333  0.01261938
1.937315  -2.041667  0.01386542
1.937315  -2.000000  0.01523181
1.937315  -1.958333  0.01672964
1.937315  -1.916667  0.01837089
1.937315  -1.875000  0.02016850
1.937315  -1.833333  0.02213641
1.937315  -1.791667  0.02428962
1.937315  -1.750000  0.02664422
1.937315  -1.708333  0.02921740
1.937315  -1.666667  0.03202751
1.937315  -1.625000  0.03509406
1.937315  -1.583333  0.03843769
1.937315  -1.541667  0.04208015
1.937315  -1.500000  0.04604428
1.937315  -1.458333  0.05035388
1.937315  -1.416667  0.05503364
1.937315  -1.375000  0.06010898
1.937315  -1.333333  0.06560583
1.937315  -1.291667  0.07155040
1.937315  -1.250000  0.07796893
1.937315  -1.208333  0.08488725
1.937315  -1.166667  0.09233046
1.937315  -1.125000  0.10032238
1.937315  -1.083333  0.10888510
1.937315  -1.041667  0.11803831
1.937315  -1.000000  0.12779875
1.937315  -0.958333  0.13817949
1.937315  -0.916667  0.14918926
1.937315  -0.875000  0.16083177
1.937315  -0.833333  0.17310500
1.937315  -0.791667  0.18600065
1.937315  -0.750000  0.19950356
1.937315  -0.708333  0.21359126
1.937315  -0.666667  0.22823373
1.937315  -0.625000  0.24339326
1.937315  -0.583333  0.25902455
1.937315  -0.541667  0.27507496
1.937315  -0.500000  0.29148509
1.937315  -0.458333  0.30818949
1.937315  -0.416667  0.32511758
1.937315  -0.375000  0.34219484
1.937315  -0.333333  0.35934405
1.937315  -0.291667  0.37648667
1.937315  -0.250000  0.39354428
1.937315  -0.208333  0.41044003
1.937315  -0.166667  0.42709996
1.937315  -0.125000  0.44345428
1.937315  -0.083333  0.45943850
1.937315  -0.041667  0.47499429
1.937315  0.000000  0.49007022
1.937315  0.041667  0.50462224
1.937315  0.083333  0.51861393
1.937315  0.125000  0.53201655
1.937315  0.166667  0.54480888
1.937315  0.208333  0.55697693
1.937315  0.250000  0.56851349
1.937315  0.291667  0.57941756
1.937315  0.333333  0.58969373
1.937315  0.375000  0.59935150
1.937315  0.416667  0.60840461
1.937315  0.458333  0.61687033
1.937315  0.500000  0.62476881
1.937315  0.541667  0.63212245
1.937315  0.583333  0.63895534
1.937315  0.625000  0.64529271
1.937315  0.666667  0.65116051
1.937315  0.708333  0.65658497
1.937315  0.750000  0.66159229
1.937315  0.791667  0.66620834
1.937315  0.833333  0.67045841
1.937315  0.875000  0.67436706
1.937315  0.916667  0.67795793
1.937315  0.958333  0.68125369
1.937315  1.000000  0.68427591
1.937315  1.041667  0.68704503
1.937315  1.083333  0.68958037
1.937315  1.125000  0.69190009
1.937315  1.166667  0.69402119
1.937315  1.208333  0.69595958
1.937315  1.250000  0.69773007
1.937315  1.291667  0.69934644
1.937315  1.333333  0.70082145
1.937315  1.375000  0.70216695
1.937315  1.416667  0.70339386
1.937315  1.458333  0.70451225
1.937315  1.500000  0.70553143
1.937315  1.541667  0.70645993
1.937315  1.583333  0.70730562
1.937315  1.625000  0.70807571
1.937315  1.666667  0.70877680
1.937315  1.708333  0.70941496
1.937315  1.750000  0.70999575
1.937315  1.791667  0.71052422
1.937315  1.833333  0.71100504
1.937315  1.875000  0.71144243
1.937315  1.916667  0.71184028
1.937315  1.958333  0.71220212
1.937315  2.000000  0.71253118

1.989675  -3.000000  0.00176255
1.989675  -2.958333  0.00193960
1.989675  -2.916667  0.00213439
1.989675  -2.875000  0.00234868
1.989675  -2.833333  0.00258441
1.989675  -2.791667  0.00284373
1.989675  -2.750000  0.00312895
1.989675  -2.708333  0.00344267
1.989675  -2.666667  0.00378769
1.989675  -2.625000  0.00416710
1.989675  -2.583333  0.00458431
1.989675  -2.541667  0.00504302
1.989675  -2.500000  0.00554731
1.989675  -2.458333  0.00610164
1.989675  -2.416667  0.00671089
1.989675  -2.375000  0.00738042
1.989675  -2.333333  0.00811606
1.989675  -2.291667  0.00892421
1.989675  -2.250000  0.00981182
1.989675  -2.208333  0.01078653
1.989675  -2.166667  0.01185660
1.989675  -2.125000  0.01303109
1.989675  -2.083333  0.01431981
1.989675  -2.041667  0.01573344
1.989675  -2.000000  0.01728355
1.989675  -1.958333  0.01898270
1.989675  -1.916667  0.02084446
1.989675  -1.875000  0.02288347
1.989675  -1.833333  0.02511553
1.989675  -1.791667  0.02755760
1.989675  -1.750000  0.03022788
1.989675  -1.708333  0.03314584
1.989675  -1.666667  0.03633221
1.989675  -1.625000  0.03980904
1.989675  -1.583333  0.04359964
1.989675  -1.541667  0.04772858
1.989675  -1.500000  0.05222162
1.989675  -1.458333  0.05710561
1.989675  -1.416667  0.06240837
1.989675  -1.375000  0.06815850
1.989675  -1.333333  0.07438518
1.989675  -1.291667  0.08111785
1.989675  -1.250000  0.08838594
1.989675  -1.208333  0.09621839
1.989675  -1.166667  0.10464324
1.989675  -1.125000  0.11368705
1.989675  -1.083333  0.12337436
1.989675  -1.041667  0.13372694
1.989675  -1.000000  0.14476318
1.989675  -0.958333  0.15649724
1.989675  -0.916667  0.16893834
1.989675  -0.875000  0.18208999
1.989675  -0.833333  0.19594918
1.989675  -0.791667  0.21050578
1.989675  -0.750000  0.22574189
1.989675  -0.708333  0.24163139
1.989675  -0.666667  0.25813965
1.989675  -0.625000  0.27522339
1.989675  -0.583333  0.29283086
1.989675  -0.541667  0.31090213
1.989675  -0.500000  0.32936973
1.989675  -0.458333  0.34815953
1.989675  -0.416667  0.36719177
1.989675  -0.375000  0.38638240
1.989675  -0.333333  0.40564450
1.989675  -0.291667  0.42488986
1.989675  -0.250000  0.44403057
1.989675  -0.208333  0.46298061
1.989675  -0.166667  0.48165740
1.989675  -0.125000  0.49998318
1.989675  -0.083333  0.51788621
1.989675  -0.041667  0.53530180
1.989675  0.000000  0.55217307
1.989675  0.041667  0.56845144
1.989675  0.083333  0.58409691
1.989675  0.125000  0.59907810
1.989675  0.166667  0.61337206
1.989675  0.208333  0.62696388
1.989675  0.250000  0.63984621
1.989675  0.291667  0.65201861
1.989675  0.333333  0.66348682
1.989675  0.375000  0.67426203
1.989675  0.416667  0.68436011
1.989675  0.458333  0.69380080
1.989675  0.500000  0.70260701
1.989675  0.541667  0.71080412
1.989675  0.583333  0.71841931
1.989675  0.625000  0.72548104
1.989675  0.666667  0.73201846
1.989675  0.708333  0.73806107
1.989675  0.750000  0.74363824
1.989675  0.791667  0.74877895
1.989675  0.833333  0.75351155
1.989675  0.875000  0.75786349
1.989675  0.916667  0.76186123
1.989675  0.958333  0.76553008
1.989675  1.000000  0.76889415
1.989675  1.041667  0.77197627
1.989675  1.083333  0.77479798
1.989675  1.125000  0.77737955
1.989675  1.166667  0.77973995
1.989675  1.208333  0.78189691
1.989675  1.250000  0.78386695
1.989675  1.291667  0.78566541
1.989675  1.333333  0.78730653
1.989675  1.375000  0.78880350
1.989675  1.416667  0.79016847
1.989675  1.458333  0.79141269
1.989675  1.500000  0.79254649
1.989675  1.541667  0.79357940
1.989675  1.583333  0.79452016
1.989675  1.625000  0.79537679
1.989675  1.666667  0.79615667
1.989675  1.708333  0.79686653
1.989675  1.750000  0.79751256
1.989675  1.791667  0.79810039
1.989675  1.833333  0.79863521
1.989675  1.875000  0.79912172
1.989675  1.916667  0.79956424
1.989675  1.958333  0.79996670
1.989675  2.000000  0.80033270

2.042035  -3.000000  0.00196727
2.042035  -2.958333  0.00216488
2.042035  -2.916667  0.00238229
2.042035  -2.875000  0.00262146
2.042035  -2.833333  0.00288457
2.042035  -2.791667  0.00317398
2.042035  -2.750000  0.00349232
2.042035  -2.708333  0.00384246
2.042035  -2.666667  0.00422752
2.042035  -2.625000  0.00465097
2.042035  -2.583333  0.00511659
2.042035  -2.541667  0.00562853
2.042035  -2.500000  0.00619132
2.042035  -2.458333  0.00680996
2.042035  -2.416667  0.00748988
2.042035  -2.375000  0.00823705
2.042035  -2.333333  0.00905799
2.042035  -2.291667  0.00995981
2.042035  -2.250000  0.01095031
2.042035  -2.208333  0.01203795
2.042035  -2.166667  0.01323198
2.042035  -2.125000  0.01454248
2.042035  -2.083333  0.01598040
2.042035  -2.041667  0.01755763
2.042035  -2.000000  0.01928707
2.042035  -1.958333  0.02118270
2.042035  -1.916667  0.02325965
2.042035  -1.875000  0.02553423
2.042035  -1.833333  0.02802400
2.042035  -1.791667  0.03074788
2.042035  -1.750000  0.03372610
2.042035  -1.708333  0.03698031
2.042035  -1.666667  0.04053358
2.042035  -1.625000  0.04441040
2.042035  -1.583333  0.04863669
2.042035  -1.541667  0.05323973
2.042035  -1.500000  0.05824811
2.042035  -1.458333  0.06369160
2.042035  -1.416667  0.06960104
2.042035  -1.375000  0.07600811
2.042035  -1.333333  0.08294507
2.042035  -1.291667  0.09044448
2.042035  -1.250000  0.09853878
2.042035  -1.208333  0.10725988
2.042035  -1.166667  0.11663860
2.042035  -1.125000  0.12670409
2.042035  -1.083333  0.13748312
2.042035  -1.041667  0.14899943
2.042035  -1.000000  0.16127284
2.042035  -0.958333  0.17431847
2.042035  -0.916667  0.18814589
2.042035  -0.875000  0.20275823
2.042035  -0.833333  0.21815139
2.042035  -0.791667  0.23431331
2.042035  -0.750000  0.25122329
2.042035  -0.708333  0.26885151
2.042035  -0.666667  0.28715874
2.042035  -0.625000  0.30609621
2.042035  -0.583333  0.32560579
2.042035  -0.541667  0.34562041
2.042035  -0.500000  0.36606476
2.042035  -0.458333  0.38685626
2.042035  -0.416667  0.40790629
2.042035  -0.375000  0.42912163
2.042035  -0.333333  0.45040606
2.042035  -0.291667  0.47166212
2.042035  -0.250000  0.49279285
2.042035  -0.208333  0.51370359
2.042035  -0.166667  0.53430358
2.042035  -0.125000  0.55450758
2.042035  -0.083333  0.57423709
2.042035  -0.041667  0.59342149
2.042035  0.000000  0.61199884
2.042035  0.041667  0.62991644
2.042035  0.083333  0.64713104
2.042035  0.125000  0.66360893
2.042035  0.166667  0.67932564
2.042035  0.208333  0.69426557
2.042035  0.250000  0.70842135
2.042035  0.291667  0.72179322
2.042035  0.333333  0.73438813
2.042035  0.375000  0.74621900
2.042035  0.416667  0.75730378
2.042035  0.458333  0.76766466
2.042035  0.500000  0.77732725
2.042035  0.541667  0.78631979
2.042035  0.583333  0.79467247
2.042035  0.625000  0.80241681
2.042035  0.666667  0.80958510
2.042035  0.708333  0.81620988
2.042035  0.750000  0.82232360
2.042035  0.791667  0.82795821
2.042035  0.833333  0.83314492
2.042035  0.875000  0.83791398
2.042035  0.916667  0.84229448
2.042035  0.958333  0.84631427
2.042035  1.000000  0.84999983
2.042035  1.041667  0.85337625
2.042035  1.083333  0.85646721
2.042035  1.125000  0.85929494
2.042035  1.166667  0.86188028
2.042035  1.208333  0.86424266
2.042035  1.250000  0.86640023
2.042035  1.291667  0.86836981
2.042035  1.333333  0.87016701
2.042035  1.375000  0.87180628
2.042035  1.416667  0.87330097
2.042035  1.458333  0.87466339
2.042035  1.500000  0.87590487
2.042035  1.541667  0.87703585
2.042035  1.583333  0.87806590
2.042035  1.625000  0.87900384
2.042035  1.666667  0.87985771
2.042035  1.708333  0.88063491
2.042035  1.750000  0.88134221
2.042035  1.791667  0.88198579
2.042035  1.833333  0.88257132
2.042035  1.875000  0.88310395
2.042035  1.916667  0.88358842
2.042035  1.958333  0.88402903
2.042035  2.000000  0.88442972

2.094395  -3.000000  0.00216660
2.094395  -2.958333  0.00238422
2.094395  -2.916667  0.00262365
2.094395  -2.875000  0.00288704
2.094395  -2.833333  0.00317679
2.094395  -2.791667  0.00349552
2.094395  -2.750000  0.00384610
2.094395  -2.708333  0.00423168
2.094395  -2.666667  0.00465573
2.094395  -2.625000  0.00512204
2.094395  -2.583333  0.00563479
2.094395  -2.541667  0.00619854
2.094395  -2.500000  0.00681829
2.094395  -2.458333  0.00749951
2.094395  -2.416667  0.00824822
2.094395  -2.375000  0.00907096
2.094395  -2.333333  0.00997491
2.094395  -2.291667  0.01096791
2.094395  -2.250000  0.01205852
2.094395  -2.208333  0.01325607
2.094395  -2.166667  0.01457073
2.094395  -2.125000  0.01601357
2.094395  -2.083333  0.01759665
2.094395  -2.041667  0.01933304
2.094395  -2.000000  0.02123694
2.094395  -1.958333  0.02332370
2.094395  -1.916667  0.02560995
2.094395  -1.875000  0.02811362
2.094395  -1.833333  0.03085402
2.094395  -1.791667  0.03385190
2.094395  -1.750000  0.03712948
2.094395  -1.708333  0.04071055
2.094395  -1.666667  0.04462040
2.094395  -1.625000  0.04888592
2.094395  -1.583333  0.05353550
2.094395  -1.541667  0.05859905
2.094395  -1.500000  0.06410788
2.094395  -1.458333  0.07009458
2.094395  -1.416667  0.07659288
2.094395  -1.375000  0.08363740
2.094395  -1.333333  0.09126337
2.094395  -1.291667  0.09950629
2.094395  -1.250000  0.10840151
2.094395  -1.208333  0.11798371
2.094395  -1.166667  0.12828634
2.094395  -1.125000  0.13934096
2.094395  -1.083333  0.15117646
2.094395  -1.041667  0.16381832
2.094395  -1.000000  0.17728767
2.094395  -0.958333  0.19160043
2.094395  -0.916667  0.20676637
2.094395  -0.875000  0.22278813
2.094395  -0.833333  0.23966043
2.094395  -0.791667  0.25736918
2.094395  -0.750000  0.27589084
2.094395  -0.708333  0.29519191
2.094395  -0.666667  0.31522857
2.094395  -0.625000  0.33594663
2.094395  -0.583333  0.35728173
2.094395  -0.541667  0.37915984
2.094395  -0.500000  0.40149802
2.094395  -0.458333  0.42420555
2.094395  -0.416667  0.44718526
2.094395  -0.375000  0.47033512
2.094395  -0.333333  0.49355005
2.094395  -0.291667  0.51672376
2.094395  -0.250000  0.53975073
2.094395  -0.208333  0.56252809
2.094395  -0.166667  0.58495742
2.094395  -0.125000  0.60694644
2.094395  -0.083333  0.62841035
2.094395  -0.041667  0.64927303
2.094395  0.000000  0.66946790
2.094395  0.041667  0.68893845
2.094395  0.083333  0.70763855
2.094395  0.125000  0.72553238
2.094395  0.166667  0.74259419
2.094395  0.208333  0.75880785
2.094395  0.250000  0.77416614
2.094395  0.291667  0.78867002
2.094395  0.333333  0.80232772
2.094395  0.375000  0.81515386
2.094395  0.416667  0.82716849
2.094395  0.458333  0.83839617
2.094395  0.500000  0.84886513
2.094395  0.541667  0.85860636
2.094395  0.583333  0.86765297
2.094395  0.625000  0.87603942
2.094395  0.666667  0.88380093
2.094395  0.708333  0.89097303
2.094395  0.750000  0.89759103
2.094395  0.791667  0.90368973
2.094395  0.833333  0.90930306
2.094395  0.875000  0.91446390
2.094395  0.916667  0.91920386
2.094395  0.958333  0.92355315
2.094395  1.000000  0.92754053
2.094395  1.041667  0.93119322
2.094395  1.083333  0.93453688
2.094395  1.125000  0.93759562
2.094395  1.166667  0.94039202
2.094395  1.208333  0.94294716
2.094395  1.250000  0.94528066
2.094395  1.291667  0.94741076
2.094395  1.333333  0.94935436
2.094395  1.375000  0.95112712
2.094395  1.416667  0.95274347
2.094395  1.458333  0.95421675
2.094395  1.500000  0.95555921
2.094395  1.541667  0.95678216
2.094395  1.583333  0.95789596
2.094395  1.625000  0.95891012
2.094395  1.666667  0.95983338
2.094395  1.708333  0.96067372
2.094395  1.750000  0.96143847
2.094395  1.791667  0.96213432
2.094395  1.833333  0.96276739
2.094395  1.875000  0.96334327
2.094395  1.916667  0.96386706
2.094395  1.958333  0.96434344
2.094395  2.000000  0.96477664

2.146755  -3.000000  0.00235997
2.146755  -2.958333  0.00259702
2.146755  -2.916667  0.00285780
2.146755  -2.875000  0.00314470
2.146755  -2.833333  0.00346030
2.146755  -2.791667  0.00380746
2.146755  -2.750000  0.00418930
2.146755  -2.708333  0.00460927
2.146755  -2.666667  0.00507114
2.146755  -2.625000  0.00557904
2.146755  -2.583333  0.00613750
2.146755  -2.541667  0.00675150
2.146755  -2.500000  0.00742649
2.146755  -2.458333  0.00816843
2.146755  -2.416667  0.00898384
2.146755  -2.375000  0.00987988
2.146755  -2.333333  0.01086434
2.146755  -2.291667  0.01194576
2.146755  -2.250000  0.01313346
2.146755  -2.208333  0.01443758
2.146755  -2.166667  0.01586920
2.146755  -2.125000  0.01744037
2.146755  -2.083333  0.01916418
2.146755  -2.041667  0.02105488
2.146755  -2.000000  0.02312789
2.146755  -1.958333  0.02539992
2.146755  -1.916667  0.02788903
2.146755  -1.875000  0.03061473
2.146755  -1.833333  0.03359798
2.146755  -1.791667  0.03686134
2.146755  -1.750000  0.04042895
2.146755  -1.708333  0.04432662
2.146755  -1.666667  0.04858182
2.146755  -1.625000  0.05322372
2.146755  -1.583333  0.05828311
2.146755  -1.541667  0.06379242
2.146755  -1.500000  0.06978556
2.146755  -1.458333  0.07629783
2.146755  -1.416667  0.08336572
2.146755  -1.375000  0.09102666
2.146755  -1.333333  0.09931870
2.146755  -1.291667  0.10828015
2.146755  -1.250000  0.11794910
2.146755  -1.208333  0.12836287
2.146755  -1.166667  0.13955736
2.146755  -1.125000  0.15156638
2.146755  -1.083333  0.16442078
2.146755  -1.041667  0.17814763
2.146755  -1.000000  0.19276923
2.146755  -0.958333  0.20830215
2.146755  -0.916667  0.22475622
2.146755  -0.875000  0.24213352
2.146755  -0.833333  0.26042746
2.146755  -0.791667  0.27962191
2.146755  -0.750000  0.29969046
2.146755  -0.708333  0.32059593
2.146755  -0.666667  0.34228998
2.146755  -0.625000  0.36471312
2.146755  -0.583333  0.38779491
2.146755  -0.541667  0.41145454
2.146755  -0.500000  0.43560173
2.146755  -0.458333  0.46013790
2.146755  -0.416667  0.48495768
2.146755  -0.375000  0.50995064
2.146755  -0.333333  0.53500323
2.146755  -0.291667  0.56000080
2.146755  -0.250000  0.58482971
2.146755  -0.208333  0.60937937
2.146755  -0.166667  0.63354417
2.146755  -0.125000  0.65722523
2.146755  -0.083333  0.68033191
2.146755  -0.041667  0.70278299
2.146755  0.000000  0.72450761
2.146755  0.041667  0.74544583
2.146755  0.083333  0.76554887
2.146755  0.125000  0.78477908
2.146755  0.166667  0.80310964
2.146755  0.208333  0.82052403
2.146755  0.250000  0.83701527
2.146755  0.291667  0.85258513
2.146755  0.333333  0.86724313
2.146755  0.375000  0.88100560
2.146755  0.416667  0.89389463
2.146755  0.458333  0.90593710
2.146755  0.500000  0.91716375
2.146755  0.541667  0.92760825
2.146755  0.583333  0.93730647
2.146755  0.625000  0.94629567
2.146755  0.666667  0.95461391
2.146755  0.708333  0.96229952
2.146755  0.750000  0.96939055
2.146755  0.791667  0.97592447
2.146755  0.833333  0.98193782
2.146755  0.875000  0.98746594
2.146755  0.916667  0.99254280
2.146755  0.958333  0.99720090
2.146755  1.000000  1.00147109
2.146755  1.041667  1.00538261
2.146755  1.083333  1.00896300
2.146755  1.125000  1.01223812
2.146755  1.166667  1.01523221
2.146755  1.208333  1.01796785
2.146755  1.250000  1.02046610
2.146755  1.291667  1.02274651
2.146755  1.333333  1.02482720
2.146755  1.375000  1.02672493
2.146755  1.416667  1.02845518
2.146755  1.458333  1.03003223
2.146755  1.500000  1.03146923
2.146755  1.541667  1.03277826
2.146755  1.583333  1.03397044
2.146755  1.625000  1.03505596
2.146755  1.666667  1.03604415
2.146755  1.708333  1.03694359
2.146755  1.750000  1.03776211
2.146755  1.791667  1.03850687
2.146755  1.833333  1.03918444
2.146755  1.875000  1.03980079
2.146755  1.916667  1.04036139
2.146755  1.958333  1.04087123
2.146755  2.000000  1.04133487

2.199115  -3.000000  0.00254688
2.199115  -2.958333  0.00280269
2.199115  -2.916667  0.00308412
2.199115  -2.875000  0.00339372
2.199115  -2.833333  0.00373431
2.199115  -2.791667  0.00410894
2.199115  -2.750000  0.00452101
2.199115  -2.708333  0.00497421
2.199115  -2.666667  0.00547262
2.199115  -2.625000  0.00602070
2.199115  -2.583333  0.00662334
2.199115  -2.541667  0.00728591
2.199115  -2.500000  0.00801427
2.199115  -2.458333  0.00881487
2.199115  -2.416667  0.00969475
2.199115  -2.375000  0.01066160
2.199115  -2.333333  0.01172385
2.199115  -2.291667  0.01289070
2.199115  -2.250000  0.01417219
2.199115  -2.208333  0.01557927
2.199115  -2.166667  0.01712388
2.199115  -2.125000  0.01881900
2.199115  -2.083333  0.02067876
2.199115  -2.041667  0.02271849
2.199115  -2.000000  0.02495482
2.199115  -1.958333  0.02740576
2.199115  -1.916667  0.03009076
2.199115  -1.875000  0.03303082
2.199115  -1.833333  0.03624853
2.199115  -1.791667  0.03976816
2.199115  -1.750000  0.04361569
2.199115  -1.708333  0.04781890
2.199115  -1.666667  0.05240734
2.199115  -1.625000  0.05741234
2.199115  -1.583333  0.06286703
2.199115  -1.541667  0.06880621
2.199115  -1.500000  0.07526632
2.199115  -1.458333  0.08228522
2.199115  -1.416667  0.08990204
2.199115  -1.375000  0.09815687
2.199115  -1.333333  0.10709047
2.199115  -1.291667  0.11674379
2.199115  -1.250000  0.12715750
2.199115  -1.208333  0.13837140
2.199115  -1.166667  0.15042372
2.199115  -1.125000  0.16335034
2.199115  -1.083333  0.17718391
2.199115  -1.041667  0.19195296
2.199115  -1.000000  0.20768079
2.199115  -0.958333  0.22438452
2.199115  -0.916667  0.24207392
2.199115  -0.875000  0.26075041
2.199115  -0.833333  0.28040606
2.199115  -0.791667  0.30102264
2.199115  -0.750000  0.32257088
2.199115  -0.708333  0.34500996
2.199115  -0.666667  0.36828712
2.199115  -0.625000  0.39233768
2.199115  -0.583333  0.41708530
2.199115  -0.541667  0.44244266
2.199115  -0.500000  0.46831236
2.199115  -0.458333  0.49458832
2.199115  -0.416667  0.52115732
2.199115  -0.375000  0.54790094
2.199115  -0.333333  0.57469757
2.199115  -0.291667  0.60142466
2.199115  -0.250000  0.62796092
2.199115  -0.208333  0.65418850
2.199115  -0.166667  0.67999506
2.199115  -0.125000  0.70527558
2.199115  -0.083333  0.72993397
2.199115  -0.041667  0.75388432
2.199115  0.000000  0.77705186
2.199115  0.041667  0.79937349
2.199115  0.083333  0.82079809
2.199115  0.125000  0.84128640
2.199115  0.166667  0.86081069
2.199115  0.208333  0.87935418
2.199115  0.250000  0.89691024
2.199115  0.291667  0.91348148
2.199115  0.333333  0.92907873
2.199115  0.375000  0.94372000
2.199115  0.416667  0.95742938
2.199115  0.458333  0.97023598
2.199115  0.500000  0.98217295
2.199115  0.541667  0.99327656
2.199115  0.583333  1.00358527
2.199115  0.625000  1.01313904
2.199115  0.666667  1.02197861
2.199115  0.708333  1.03014495
2.199115  0.750000  1.03767873
2.199115  0.791667  1.04461993
2.199115  0.833333  1.05100754
2.199115  0.875000  1.05687922
2.199115  0.916667  1.06227121
2.199115  0.958333  1.06721808
2.199115  1.000000  1.07175272
2.199115  1.041667  1.07590623
2.199115  1.083333  1.07970792
2.199115  1.125000  1.08318531
2.199115  1.166667  1.08636415
2.199115  1.208333  1.08926850
2.199115  1.250000  1.09192071
2.199115  1.291667  1.09434157
2.199115  1.333333  1.09655034
2.199115  1.375000  1.09856484
2.199115  1.416667  1.10040150
2.199115  1.458333  1.10207551
2.199115  1.500000  1.10360081
2.199115  1.541667  1.10499027
2.199115  1.583333  1.10625566
2.199115  1.625000  1.10740782
2.199115  1.666667  1.10845668
2.199115  1.708333  1.10941131
2.199115  1.750000  1.11028005
2.199115  1.791667  1.11107050
2.199115  1.833333  1.11178962
2.199115  1.875000  1.11244377
2.199115  1.916667  1.11303874
2.199115  1.958333  1.11357984
2.199115  2.000000  1.11407190

2.251475  -3.000000  0.00272679
2.251475  -2.958333  0.00300067
2.251475  -2.916667  0.00330197
2.251475  -2.875000  0.00363344
2.251475  -2.833333  0.00399806
2.251475  -2.791667  0.00439915
2.251475  -2.750000  0.00484030
2.251475  -2.708333  0.00532549
2.251475  -2.666667  0.00585908
2.251475  -2.625000  0.00644583
2.251475  -2.583333  0.00709099
2.251475  -2.541667  0.00780030
2.251475  -2.500000  0.00858003
2.251475  -2.458333  0.00943709
2.251475  -2.416667  0.01037900
2.251475  -2.375000  0.01141400
2.251475  -2.333333  0.01255111
2.251475  -2.291667  0.01380016
2.251475  -2.250000  0.01517191
2.251475  -2.208333  0.01667805
2.251475  -2.166667  0.01833137
2.251475  -2.125000  0.02014574
2.251475  -2.083333  0.02213628
2.251475  -2.041667  0.02431938
2.251475  -2.000000  0.02671281
2.251475  -1.958333  0.02933583
2.251475  -1.916667  0.03220922
2.251475  -1.875000  0.03535543
2.251475  -1.833333  0.03879858
2.251475  -1.791667  0.04256460
2.251475  -1.750000  0.04668124
2.251475  -1.708333  0.05117813
2.251475  -1.666667  0.05608682
2.251475  -1.625000  0.06144075
2.251475  -1.583333  0.06727521
2.251475  -1.541667  0.07362733
2.251475  -1.500000  0.08053590
2.251475  -1.458333  0.08804125
2.251475  -1.416667  0.09618500
2.251475  -1.375000  0.10500980
2.251475  -1.333333  0.11455893
2.251475  -1.291667  0.12487584
2.251475  -1.250000  0.13600365
2.251475  -1.208333  0.14798448
2.251475  -1.166667  0.16085871
2.251475  -1.125000  0.17466416
2.251475  -1.083333  0.18943514
2.251475  -1.041667  0.20520146
2.251475  -1.000000  0.22198735
2.251475  -0.958333  0.23981031
2.251475  -0.916667  0.25867999
2.251475  -0.875000  0.27859708
2.251475  -0.833333  0.29955223
2.251475  -0.791667  0.32152512
2.251475  -0.750000  0.34448366
2.251475  -0.708333  0.36838343
2.251475  -0.666667  0.39316737
2.251475  -0.625000  0.41876576
2.251475  -0.583333  0.44509660
2.251475  -0.541667  0.47206624
2.251475  -0.500000  0.49957053
2.251475  -0.458333  0.52749618
2.251475  -0.416667  0.55572253
2.251475  -0.375000  0.58412353
2.251475  -0.333333  0.61257001
2.251475  -0.291667  0.64093193
2.251475  -0.250000  0.66908083
2.251475  -0.208333  0.69689206
2.251475  -0.166667  0.72424697
2.251475  -0.125000  0.75103486
2.251475  -0.083333  0.77715459
2.251475  -0.041667  0.80251594
2.251475  0.000000  0.82704054
2.251475  0.041667  0.85066246
2.251475  0.083333  0.87332845
2.251475  0.125000  0.89499786
2.251475  0.166667  0.91564222
2.251475  0.208333  0.93524458
2.251475  0.250000  0.95379873
2.251475  0.291667  0.97130817
2.251475  0.333333  0.98778504
2.251475  0.375000  1.00324898
2.251475  0.416667  1.01772601
2.251475  0.458333  1.03124740
2.251475  0.500000  1.04384864
2.251475  0.541667  1.05556840
2.251475  0.583333  1.06644767
2.251475  0.625000  1.07652894
2.251475  0.666667  1.08585549
2.251475  0.708333  1.09447079
2.251475  0.750000  1.10241796
2.251475  0.791667  1.10973938
2.251475  0.833333  1.11647630
2.251475  0.875000  1.12266862
2.251475  0.916667  1.12835463
2.251475  0.958333  1.13357093
2.251475  1.000000  1.13835225
2.251475  1.041667  1.14273147
2.251475  1.083333  1.14673956
2.251475  1.125000  1.15040557
2.251475  1.166667  1.15375671
2.251475  1.208333  1.15681834
2.251475  1.250000  1.15961410
2.251475  1.291667  1.16216591
2.251475  1.333333  1.16449408
2.251475  1.375000  1.16661742
2.251475  1.416667  1.16855327
2.251475  1.458333  1.17031764
2.251475  1.500000  1.17192526
2.251475  1.541667  1.17338966
2.251475  1.583333  1.17472329
2.251475  1.625000  1.17593757
2.251475  1.666667  1.17704295
2.251475  1.708333  1.17804903
2.251475  1.750000  1.17896456
2.251475  1.791667  1.17979759
2.251475  1.833333  1.18055543
2.251475  1.875000  1.18124479
2.251475  1.916667  1.18187180
2.251475  1.958333  1.18244202
2.251475  2.000000  1.18296056

2.303835  -3.000000  0.00289923
2.303835  -2.958333  0.00319042
2.303835  -2.916667  0.00351077
2.303835  -2.875000  0.00386318
2.303835  -2.833333  0.00425085
2.303835  -2.791667  0.00467728
2.303835  -2.750000  0.00514631
2.303835  -2.708333  0.00566216
2.303835  -2.666667  0.00622945
2.303835  -2.625000  0.00685327
2.303835  -2.583333  0.00753917
2.303835  -2.541667  0.00829326
2.303835  -2.500000  0.00912223
2.303835  -2.458333  0.01003338
2.303835  -2.416667  0.01103473
2.303835  -2.375000  0.01213503
2.303835  -2.333333  0.01334386
2.303835  -2.291667  0.01467167
2.303835  -2.250000  0.01612989
2.303835  -2.208333  0.01773094
2.303835  -2.166667  0.01948840
2.303835  -2.125000  0.02141701
2.303835  -2.083333  0.02353281
2.303835  -2.041667  0.02585323
2.303835  -2.000000  0.02839713
2.303835  -1.958333  0.03118494
2.303835  -1.916667  0.03423874
2.303835  -1.875000  0.03758233
2.303835  -1.833333  0.04124132
2.303835  -1.791667  0.04524321
2.303835  -1.750000  0.04961744
2.303835  -1.708333  0.05439542
2.303835  -1.666667  0.05961058
2.303835  -1.625000  0.06529835
2.303835  -1.583333  0.07149614
2.303835  -1.541667  0.07824321
2.303835  -1.500000  0.08558065
2.303835  -1.458333  0.09355109
2.303835  -1.416667  0.10219853
2.303835  -1.375000  0.11156800
2.303835  -1.333333  0.12170519
2.303835  -1.291667  0.13265590
2.303835  -1.250000  0.14446554
2.303835  -1.208333  0.15717840
2.303835  -1.166667  0.17083686
2.303835  -1.125000  0.18548053
2.303835  -1.083333  0.20114523
2.303835  -1.041667  0.21786195
2.303835  -1.000000  0.23565567
2.303835  -0.958333  0.25454423
2.303835  -0.916667  0.27453705
2.303835  -0.875000  0.29563403
2.303835  -0.833333  0.31782439
2.303835  -0.791667  0.34108572
2.303835  -0.750000  0.36538314
2.303835  -0.708333  0.39066876
2.303835  -0.666667  0.41688132
2.303835  -0.625000  0.44394626
2.303835  -0.583333  0.47177609
2.303835  -0.541667  0.50027118
2.303835  -0.500000  0.52932088
2.303835  -0.458333  0.55880508
2.303835  -0.416667  0.58859604
2.303835  -0.375000  0.61856055
2.303835  -0.333333  0.64856226
2.303835  -0.291667  0.67846414
2.303835  -0.250000  0.70813098
2.303835  -0.208333  0.73743180
2.303835  -0.166667  0.76624209
2.303835  -0.125000  0.79444586
2.303835  -0.083333  0.82193733
2.303835  -0.041667  0.84862232
2.303835  0.000000  0.87441916
2.303835  0.041667  0.89925938
2.303835  0.083333  0.92308785
2.303835  0.125000  0.94586266
2.303835  0.166667  0.96755476
2.303835  0.208333  0.98814715
2.303835  0.250000  1.00763407
2.303835  0.291667  1.02601993
2.303835  0.333333  1.04331815
2.303835  0.375000  1.05954998
2.303835  0.416667  1.07474330
2.303835  0.458333  1.08893144
2.303835  0.500000  1.10215209
2.303835  0.541667  1.11444625
2.303835  0.583333  1.12585727
2.303835  0.625000  1.13643004
2.303835  0.666667  1.14621023
2.303835  0.708333  1.15524367
2.303835  0.750000  1.16357578
2.303835  0.791667  1.17125118
2.303835  0.833333  1.17831327
2.303835  0.875000  1.18480400
2.303835  0.916667  1.19076363
2.303835  0.958333  1.19623062
2.303835  1.000000  1.20124145
2.303835  1.041667  1.20583065
2.303835  1.083333  1.21003072
2.303835  1.125000  1.21387217
2.303835  1.166667  1.21738353
2.303835  1.208333  1.22059145
2.303835  1.250000  1.22352069
2.303835  1.291667  1.22619425
2.303835  1.333333  1.22863344
2.303835  1.375000  1.23085798
2.303835  1.416667  1.23288605
2.303835  1.458333  1.23473443
2.303835  1.500000  1.23641856
2.303835  1.541667  1.23795263
2.303835  1.583333  1.23934970
2.303835  1.625000  1.24062171
2.303835  1.666667  1.24177963
2.303835  1.708333  1.24283351
2.303835  1.750000  1.24379255
2.303835  1.791667  1.24466514
2.303835  1.833333  1.24545898
2.303835  1.875000  1.24618107
2.303835  1.916667  1.24683784
2.303835  1.958333  1.24743513
2.303835  2.000000  1.24797828

2.356194  -3.000000  0.00306372
2.356194  -2.958333  0.00337142
2.356194  -2.916667  0.00370993
2.356194  -2.875000  0.00408233
2.356194  -2.833333  0.00449199
2.356194  -2.791667  0.00494259
2.356194  -2.750000  0.00543820
2.356194  -2.708333  0.00598329
2.356194  -2.666667  0.00658273
2.356194  -2.625000  0.00724190
2.356194  -2.583333  0.00796666
2.356194  -2.541667  0.00876347
2.356194  -2.500000  0.00963938
2.356194  -2.458333  0.01060213
2.356194  -2.416667  0.01166016
2.356194  -2.375000  0.01282273
2.356194  -2.333333  0.01409996
2.356194  -2.291667  0.01550287
2.356194  -2.250000  0.01704354
2.356194  -2.208333  0.01873508
2.356194  -2.166667  0.02059183
2.356194  -2.125000  0.02262936
2.356194  -2.083333  0.02486459
2.356194  -2.041667  0.02731591
2.356194  -2.000000  0.03000324
2.356194  -1.958333  0.03294813
2.356194  -1.916667  0.03617387
2.356194  -1.875000  0.03970557
2.356194  -1.833333  0.04357025
2.356194  -1.791667  0.04779689
2.356194  -1.750000  0.05241653
2.356194  -1.708333  0.05746227
2.356194  -1.666667  0.06296934
2.356194  -1.625000  0.06897505
2.356194  -1.583333  0.07551878
2.356194  -1.541667  0.08264188
2.356194  -1.500000  0.09038753
2.356194  -1.458333  0.09880058
2.356194  -1.416667  0.10792726
2.356194  -1.375000  0.11781486
2.356194  -1.333333  0.12851128
2.356194  -1.291667  0.14006458
2.356194  -1.250000  0.15252227
2.356194  -1.208333  0.16593066
2.356194  -1.166667  0.18033401
2.356194  -1.125000  0.19577355
2.356194  -1.083333  0.21228649
2.356194  -1.041667  0.22990487
2.356194  -1.000000  0.24865433
2.356194  -0.958333  0.26855293
2.356194  -0.916667  0.28960981
2.356194  -0.875000  0.31182404
2.356194  -0.833333  0.33518340
2.356194  -0.791667  0.35966342
2.356194  -0.750000  0.38522650
2.356194  -0.708333  0.41182137
2.356194  -0.666667  0.43938273
2.356194  -0.625000  0.46783139
2.356194  -0.583333  0.49707463
2.356194  -0.541667  0.52700708
2.356194  -0.500000  0.55751197
2.356194  -0.458333  0.58846270
2.356194  -0.416667  0.61972487
2.356194  -0.375000  0.65115852
2.356194  -0.333333  0.68262059
2.356194  -0.291667  0.71396748
2.356194  -0.250000  0.74505770
2.356194  -0.208333  0.77575437
2.356194  -0.166667  0.80592756
2.356194  -0.125000  0.83545640
2.356194  -0.083333  0.86423084
2.356194  -0.041667  0.89215305
2.356194  0.000000  0.91913841
2.356194  0.041667  0.94511611
2.356194  0.083333  0.97002935
2.356194  0.125000  0.99383517
2.356194  0.166667  1.01650402
2.356194  0.208333  1.03801894
2.356194  0.250000  1.05837468
2.356194  0.291667  1.07757653
2.356194  0.333333  1.09563919
2.356194  0.375000  1.11258544
2.356194  0.416667  1.12844495
2.356194  0.458333  1.14325302
2.356194  0.500000  1.15704943
2.356194  0.541667  1.16987736
2.356194  0.583333  1.18178239
2.356194  0.625000  1.19281168
2.356194  0.666667  1.20301314
2.356194  0.708333  1.21243480
2.356194  0.750000  1.22112425
2.356194  0.791667  1.22912819
2.356194  0.833333  1.23649203
2.356194  0.875000  1.24325965
2.356194  0.916667  1.24947314
2.356194  0.958333  1.25517268
2.356194  1.000000  1.26039639
2.356194  1.041667  1.26518032
2.356194  1.083333  1.26955843
2.356194  1.125000  1.27356257
2.356194  1.166667  1.27722251
2.356194  1.208333  1.28056605
2.356194  1.250000  1.28361903
2.356194  1.291667  1.28640546
2.356194  1.333333  1.28894757
2.356194  1.375000  1.29126591
2.356194  1.416667  1.29337946
2.356194  1.458333  1.29530571
2.356194  1.500000  1.29706076
2.356194  1.541667  1.29865941
2.356194  1.583333  1.30011526
2.356194  1.625000  1.30144078
2.356194  1.666667  1.30264740
2.356194  1.708333  1.30374559
2.356194  1.750000  1.30474493
2.356194  1.791667  1.30565419
2.356194  1.833333  1.30648138
2.356194  1.875000  1.30723381
2.356194  1.916667  1.30791816
2.356194  1.958333  1.30854053
2.356194  2.000000  1.30910649

2.408554  -3.000000  0.00321980
2.408554  -2.958333  0.00354317
2.408554  -2.916667  0.00389893
2.408554  -2.875000  0.00429029
2.408554  -2.833333  0.00472080
2.408554  -2.791667  0.00519434
2.408554  -2.750000  0.00571518
2.408554  -2.708333  0.00628801
2.408554  -2.666667  0.00691796
2.408554  -2.625000  0.00761066
2.408554  -2.583333  0.00837229
2.408554  -2.541667  0.00920963
2.408554  -2.500000  0.01013009
2.408554  -2.458333  0.01114178
2.408554  -2.416667  0.01225359
2.408554  -2.375000  0.01347524
2.408554  -2.333333  0.01481734
2.408554  -2.291667  0.01629150
2.408554  -2.250000  0.01791038
2.408554  -2.208333  0.01968776
2.408554  -2.166667  0.02163869
2.408554  -2.125000  0.02377952
2.408554  -2.083333  0.02612802
2.408554  -2.041667  0.02870349
2.408554  -2.000000  0.03152683
2.408554  -1.958333  0.03462067
2.408554  -1.916667  0.03800944
2.408554  -1.875000  0.04171950
2.408554  -1.833333  0.04577917
2.408554  -1.791667  0.05021885
2.408554  -1.750000  0.05507109
2.408554  -1.708333  0.06037060
2.408554  -1.666667  0.06615428
2.408554  -1.625000  0.07246123
2.408554  -1.583333  0.07933269
2.408554  -1.541667  0.08681194
2.408554  -1.500000  0.09494418
2.408554  -1.458333  0.10377631
2.408554  -1.416667  0.11335665
2.408554  -1.375000  0.12373460
2.408554  -1.333333  0.13496018
2.408554  -1.291667  0.14708348
2.408554  -1.250000  0.16015401
2.408554  -1.208333  0.17421997
2.408554  -1.166667  0.18932730
2.408554  -1.125000  0.20551875
2.408554  -1.083333  0.22283279
2.408554  -1.041667  0.24130237
2.408554  -1.000000  0.26095373
2.408554  -0.958333  0.28180503
2.408554  -0.916667  0.30386512
2.408554  -0.875000  0.32713217
2.408554  -0.833333  0.35159257
2.408554  -0.791667  0.37721981
2.408554  -0.750000  0.40397367
2.408554  -0.708333  0.43179962
2.408554  -0.666667  0.46062851
2.408554  -0.625000  0.49037670
2.408554  -0.583333  0.52094653
2.408554  -0.541667  0.55222720
2.408554  -0.500000  0.58409613
2.408554  -0.458333  0.61642066
2.408554  -0.416667  0.64906012
2.408554  -0.375000  0.68186821
2.408554  -0.333333  0.71469560
2.408554  -0.291667  0.74739259
2.408554  -0.250000  0.77981186
2.408554  -0.208333  0.81181106
2.408554  -0.166667  0.84325525
2.408554  -0.125000  0.87401907
2.408554  -0.083333  0.90398856
2.408554  -0.041667  0.93306256
2.408554  0.000000  0.96115376
2.408554  0.041667  0.98818927
2.408554  0.083333  1.01411082
2.408554  0.125000  1.03887452
2.408554  0.166667  1.06245044
2.408554  0.208333  1.08482171
2.408554  0.250000  1.10598361
2.408554  0.291667  1.12594234
2.408554  0.333333  1.14471380
2.408554  0.375000  1.16232227
2.408554  0.416667  1.17879910
2.408554  0.458333  1.19418145
2.408554  0.500000  1.20851108
2.408554  0.541667  1.22183322
2.408554  0.583333  1.23419556
2.408554  0.625000  1.24564736
2.408554  0.666667  1.25623862
2.408554  0.708333  1.26601944
2.408554  0.750000  1.27503942
2.408554  0.791667  1.28334721
2.408554  0.833333  1.29099009
2.408554  0.875000  1.29801372
2.408554  0.916667  1.30446190
2.408554  0.958333  1.31037640
2.408554  1.000000  1.31579688
2.408554  1.041667  1.32076080
2.408554  1.083333  1.32530345
2.408554  1.125000  1.32945791
2.408554  1.166667  1.33325513
2.408554  1.208333  1.33672398
2.408554  1.250000  1.33989130
2.408554  1.291667  1.34278201
2.408554  1.333333  1.34541919
2.408554  1.375000  1.34782419
2.408554  1.416667  1.35001669
2.408554  1.458333  1.35201487
2.408554  1.500000  1.35383542
2.408554  1.541667  1.35549371
2.408554  1.583333  1.35700386
2.408554  1.625000  1.35837880
2.408554  1.666667  1.35963039
2.408554  1.708333  1.36076950
2.408554  1.750000  1.36180607
2.408554  1.791667  1.36274919
2.408554  1.833333  1.36360718
2.408554  1.875000  1.36438762
2.408554  1.916667  1.36509745
2.408554  1.958333  1.36574299
2.408554  2.000000  1.36633000

2.460914  -3.000000  0.00336706
2.460914  -2.958333  0.00370521
2.460914  -2.916667  0.00407723
2.460914  -2.875000  0.00448648
2.460914  -2.833333  0.00493667
2.460914  -2.791667  0.00543185
2.460914  -2.750000  0.00597649
2.460914  -2.708333  0.00657549
2.460914  -2.666667  0.00723421
2.460914  -2.625000  0.00795855
2.460914  -2.583333  0.00875497
2.460914  -2.541667  0.00963053
2.460914  -2.500000  0.01059300
2.460914  -2.458333  0.01165086
2.460914  -2.416667  0.01281340
2.460914  -2.375000  0.01409077
2.460914  -2.333333  0.01549407
2.460914  -2.291667  0.01703543
2.460914  -2.250000  0.01872807
2.460914  -2.208333  0.02058641
2.460914  -2.166667  0.02262616
2.460914  -2.125000  0.02486440
2.460914  -2.083333  0.02731971
2.460914  -2.041667  0.03001223
2.460914  -2.000000  0.03296382
2.460914  -1.958333  0.03619809
2.460914  -1.916667  0.03974056
2.460914  -1.875000  0.04361874
2.460914  -1.833333  0.04786220
2.460914  -1.791667  0.05250268
2.460914  -1.750000  0.05757413
2.460914  -1.708333  0.06311276
2.460914  -1.666667  0.06915707
2.460914  -1.625000  0.07574780
2.460914  -1.583333  0.08292796
2.460914  -1.541667  0.09074263
2.460914  -1.500000  0.09923890
2.460914  -1.458333  0.10846558
2.460914  -1.416667  0.11847294
2.460914  -1.375000  0.12931236
2.460914  -1.333333  0.14103581
2.460914  -1.291667  0.15369528
2.460914  -1.250000  0.16734213
2.460914  -1.208333  0.18202628
2.460914  -1.166667  0.19779524
2.460914  -1.125000  0.21469314
2.460914  -1.083333  0.23275958
2.460914  -1.041667  0.25202833
2.460914  -1.000000  0.27252610
2.460914  -0.958333  0.29427115
2.460914  -0.916667  0.31727193
2.460914  -0.875000  0.34152577
2.460914  -0.833333  0.36701764
2.460914  -0.791667  0.39371908
2.460914  -0.750000  0.42158735
2.460914  -0.708333  0.45056479
2.460914  -0.666667  0.48057860
2.460914  -0.625000  0.51154095
2.460914  -0.583333  0.54334949
2.460914  -0.541667  0.57588832
2.460914  -0.500000  0.60902942
2.460914  -0.458333  0.64263442
2.460914  -0.416667  0.67655681
2.460914  -0.375000  0.71064440
2.460914  -0.333333  0.74474204
2.460914  -0.291667  0.77869436
2.460914  -0.250000  0.81234865
2.460914  -0.208333  0.84555751
2.460914  -0.166667  0.87818141
2.460914  -0.125000  0.91009086
2.460914  -0.083333  0.94116834
2.460914  -0.041667  0.97130968
2.460914  0.000000  1.00042513
2.460914  0.041667  1.02843994
2.460914  0.083333  1.05529451
2.460914  0.125000  1.08094420
2.460914  0.166667  1.10535875
2.460914  0.208333  1.12852146
2.460914  0.250000  1.15042814
2.460914  0.291667  1.17108587
2.460914  0.333333  1.19051172
2.460914  0.375000  1.20873138
2.460914  0.416667  1.22577781
2.460914  0.458333  1.24168991
2.460914  0.500000  1.25651129
2.460914  0.541667  1.27028910
2.460914  0.583333  1.28307300
2.460914  0.625000  1.29491419
2.460914  0.666667  1.30586465
2.460914  0.708333  1.31597638
2.460914  0.750000  1.32530084
2.460914  0.791667  1.33388849
2.460914  0.833333  1.34178835
2.460914  0.875000  1.34904772
2.460914  0.916667  1.35571199
2.460914  0.958333  1.36182439
2.460914  1.000000  1.36742600
2.460914  1.041667  1.37255559
2.460914  1.083333  1.37724968
2.460914  1.125000  1.38154249
2.460914  1.166667  1.38546606
2.460914  1.208333  1.38905022
2.460914  1.250000  1.39232274
2.460914  1.291667  1.39530940
2.460914  1.333333  1.39803406
2.460914  1.375000  1.40051879
2.460914  1.416667  1.40278394
2.460914  1.458333  1.40484828
2.460914  1.500000  1.40672910
2.460914  1.541667  1.40844226
2.460914  1.583333  1.41000235
2.460914  1.625000  1.41142275
2.460914  1.666667  1.41271571
2.460914  1.708333  1.41389246
2.460914  1.750000  1.41496328
2.460914  1.791667  1.41593755
2.460914  1.833333  1.41682387
2.460914  1.875000  1.41763008
2.460914  1.916667  1.41836333
2.460914  1.958333  1.41903017
2.460914  2.000000  1.41963656

2.513274  -3.000000  0.00350509
2.513274  -2.958333  0.00385710
2.513274  -2.916667  0.00424436
2.513274  -2.875000  0.00467037
2.513274  -2.833333  0.00513900
2.513274  -2.791667  0.00565446
2.513274  -2.750000  0.00622141
2.513274  -2.708333  0.00684494
2.513274  -2.666667  0.00753063
2.513274  -2.625000  0.00828462
2.513274  -2.583333  0.00911363
2.513274  -2.541667  0.01002503
2.513274  -2.500000  0.01102687
2.513274  -2.458333  0.01212800
2.513274  -2.416667  0.01333808
2.513274  -2.375000  0.01466766
2.513274  -2.333333  0.01612831
2.513274  -2.291667  0.01773264
2.513274  -2.250000  0.01949439
2.513274  -2.208333  0.02142858
2.513274  -2.166667  0.02355155
2.513274  -2.125000  0.02588106
2.513274  -2.083333  0.02843644
2.513274  -2.041667  0.03123863
2.513274  -2.000000  0.03431035
2.513274  -1.958333  0.03767616
2.513274  -1.916667  0.04136260
2.513274  -1.875000  0.04539824
2.513274  -1.833333  0.04981383
2.513274  -1.791667  0.05464235
2.513274  -1.750000  0.05991905
2.513274  -1.708333  0.06568156
2.513274  -1.666667  0.07196985
2.513274  -1.625000  0.07882622
2.513274  -1.583333  0.08629530
2.513274  -1.541667  0.09442385
2.513274  -1.500000  0.10326071
2.513274  -1.458333  0.11285648
2.513274  -1.416667  0.12326325
2.513274  -1.375000  0.13453419
2.513274  -1.333333  0.14672310
2.513274  -1.291667  0.15988374
2.513274  -1.250000  0.17406915
2.513274  -1.208333  0.18933082
2.513274  -1.166667  0.20571771
2.513274  -1.125000  0.22327522
2.513274  -1.083333  0.24204391
2.513274  -1.041667  0.26205832
2.513274  -1.000000  0.28334556
2.513274  -0.958333  0.30592389
2.513274  -0.916667  0.32980137
2.513274  -0.875000  0.35497446
2.513274  -0.833333  0.38142678
2.513274  -0.791667  0.40912800
2.513274  -0.750000  0.43803295
2.513274  -0.708333  0.46808104
2.513274  -0.666667  0.49919602
2.513274  -0.625000  0.53128610
2.513274  -0.583333  0.56424454
2.513274  -0.541667  0.59795068
2.513274  -0.500000  0.63227142
2.513274  -0.458333  0.66706309
2.513274  -0.416667  0.70217377
2.513274  -0.375000  0.73744579
2.513274  -0.333333  0.77271863
2.513274  -0.291667  0.80783169
2.513274  -0.250000  0.84262731
2.513274  -0.208333  0.87695347
2.513274  -0.166667  0.91066642
2.513274  -0.125000  0.94363294
2.513274  -0.083333  0.97573223
2.513274  -0.041667  1.00685742
2.513274  0.000000  1.03691656
2.513274  0.041667  1.06583323
2.513274  0.083333  1.09354671
2.513274  0.125000  1.12001166
2.513274  0.166667  1.14519761
2.513274  0.208333  1.16908806
2.513274  0.250000  1.19167932
2.513274  0.291667  1.21297936
2.513274  0.333333  1.23300635
2.513274  0.375000  1.25178731
2.513274  0.416667  1.26935671
2.513274  0.458333  1.28575507
2.513274  0.500000  1.30102772
2.513274  0.541667  1.31522362
2.513274  0.583333  1.32839421
2.513274  0.625000  1.34059255
2.513274  0.666667  1.35187239
2.513274  0.708333  1.36228751
2.513274  0.750000  1.37189111
2.513274  0.791667  1.38073529
2.513274  0.833333  1.38887067
2.513274  0.875000  1.39634608
2.513274  0.916667  1.40320834
2.513274  0.958333  1.40950208
2.513274  1.000000  1.41526964
2.513274  1.041667  1.42055100
2.513274  1.083333  1.42538381
2.513274  1.125000  1.42980335
2.513274  1.166667  1.43384263
2.513274  1.208333  1.43753240
2.513274  1.250000  1.44090128
2.513274  1.291667  1.44397581
2.513274  1.333333  1.44678057
2.513274  1.375000  1.44933830
2.513274  1.416667  1.45166997
2.513274  1.458333  1.45379491
2.513274  1.500000  1.45573090
2.513274  1.541667  1.45749430
2.513274  1.583333  1.45910013
2.513274  1.625000  1.46056214
2.513274  1.666667  1.46189298
2.513274  1.708333  1.46310419
2.513274  1.750000  1.46420636
2.513274  1.791667  1.46520915
2.513274  1.833333  1.46612140
2.513274  1.875000  1.46695120
2.513274  1.916667  1.46770590
2.513274  1.958333  1.46839225
2.513274  2.000000  1.46901637

2.565634  -3.000000  0.00363351
2.565634  -2.958333  0.00399841
2.565634  -2.916667  0.00439985
2.565634  -2.875000  0.00484147
2.565634  -2.833333  0.00532725
2.565634  -2.791667  0.00586158
2.565634  -2.750000  0.00644928
2.565634  -2.708333  0.00709563
2.565634  -2.666667  0.00780641
2.565634  -2.625000  0.00858799
2.565634  -2.583333  0.00944732
2.565634  -2.541667  0.01039205
2.565634  -2.500000  0.01143052
2.565634  -2.458333  0.01257190
2.565634  -2.416667  0.01382619
2.565634  -2.375000  0.01520435
2.565634  -2.333333  0.01671834
2.565634  -2.291667  0.01838123
2.565634  -2.250000  0.02020728
2.565634  -2.208333  0.02221202
2.565634  -2.166667  0.02441238
2.565634  -2.125000  0.02682678
2.565634  -2.083333  0.02947521
2.565634  -2.041667  0.03237939
2.565634  -2.000000  0.03556282
2.565634  -1.958333  0.03905095
2.565634  -1.916667  0.04287124
2.565634  -1.875000  0.04705328
2.565634  -1.833333  0.05162889
2.565634  -1.791667  0.05663220
2.565634  -1.750000  0.06209969
2.565634  -1.708333  0.06807027
2.565634  -1.666667  0.07458529
2.565634  -1.625000  0.08168850
2.565634  -1.583333  0.08942600
2.565634  -1.541667  0.09784615
2.565634  -1.500000  0.10699936
2.565634  -1.458333  0.11693790
2.565634  -1.416667  0.12771552
2.565634  -1.375000  0.13938708
2.565634  -1.333333  0.15200802
2.565634  -1.291667  0.16563372
2.565634  -1.250000  0.18031878
2.565634  -1.208333  0.19611612
2.565634  -1.166667  0.21307602
2.565634  -1.125000  0.23124498
2.565634  -1.083333  0.25066449
2.565634  -1.041667  0.27136972
2.565634  -1.000000  0.29338809
2.565634  -0.958333  0.31673787
2.565634  -0.916667  0.34142668
2.565634  -0.875000  0.36745015
2.565634  -0.833333  0.39479060
2.565634  -0.791667  0.42341589
2.565634  -0.750000  0.45327860
2.565634  -0.708333  0.48431538
2.565634  -0.666667  0.51644673
2.565634  -0.625000  0.54957718
2.565634  -0.583333  0.58359592
2.565634  -0.541667  0.61837786
2.565634  -0.500000  0.65378520
2.565634  -0.458333  0.68966938
2.565634  -0.416667  0.72587346
2.565634  -0.375000  0.76223478
2.565634  -0.333333  0.79858785
2.565634  -0.291667  0.83476732
2.565634  -0.250000  0.87061098
2.565634  -0.208333  0.90596259
2.565634  -0.166667  0.94067459
2.565634  -0.125000  0.97461034
2.565634  -0.083333  1.00764613
2.565634  -0.041667  1.03967260
2.565634  0.000000  1.07059588
2.565634  0.041667  1.10033807
2.565634  0.083333  1.12883741
2.565634  0.125000  1.15604804
2.565634  0.166667  1.18193930
2.565634  0.208333  1.20649490
2.565634  0.250000  1.22971170
2.565634  0.291667  1.25159846
2.565634  0.333333  1.27217442
2.565634  0.375000  1.29146784
2.565634  0.416667  1.30951457
2.565634  0.458333  1.32635666
2.565634  0.500000  1.34204105
2.565634  0.541667  1.35661832
2.565634  0.583333  1.37014160
2.565634  0.625000  1.38266561
2.565634  0.666667  1.39424576
2.565634  0.708333  1.40493747
2.565634  0.750000  1.41479550
2.565634  0.791667  1.42387347
2.565634  0.833333  1.43222348
2.565634  0.875000  1.43989575
2.565634  0.916667  1.44693842
2.565634  0.958333  1.45339736
2.565634  1.000000  1.45931609
2.565634  1.041667  1.46473570
2.565634  1.083333  1.46969486
2.565634  1.125000  1.47422983
2.565634  1.166667  1.47837450
2.565634  1.208333  1.48216045
2.565634  1.250000  1.48561707
2.565634  1.291667  1.48877162
2.565634  1.333333  1.49164933
2.565634  1.375000  1.49427354
2.565634  1.416667  1.49666577
2.565634  1.458333  1.49884588
2.565634  1.500000  1.50083211
2.565634  1.541667  1.50264125
2.565634  1.583333  1.50428871
2.565634  1.625000  1.50578862
2.565634  1.666667  1.50715394
2.565634  1.708333  1.50839653
2.565634  1.750000  1.50952723
2.565634  1.791667  1.51055598
2.565634  1.833333  1.51149185
2.565634  1.875000  1.51234312
2.565634  1.916667  1.51311735
2.565634  1.958333  1.51382145
2.565634  2.000000  1.51446171

2.617994  -3.000000  0.00375197
2.617994  -2.958333  0.00412876
2.617994  -2.916667  0.00454329
2.617994  -2.875000  0.00499929
2.617994  -2.833333  0.00550090
2.617994  -2.791667  0.00605264
2.617994  -2.750000  0.00665948
2.617994  -2.708333  0.00732687
2.617994  -2.666667  0.00806079
2.617994  -2.625000  0.00886781
2.617994  -2.583333  0.00975512
2.617994  -2.541667  0.01073058
2.617994  -2.500000  0.01180284
2.617994  -2.458333  0.01298134
2.617994  -2.416667  0.01427642
2.617994  -2.375000  0.01569937
2.617994  -2.333333  0.01726256
2.617994  -2.291667  0.01897946
2.617994  -2.250000  0.02086479
2.617994  -2.208333  0.02293460
2.617994  -2.166667  0.02520633
2.617994  -2.125000  0.02769900
2.617994  -2.083333  0.03043324
2.617994  -2.041667  0.03343145
2.617994  -2.000000  0.03671788
2.617994  -1.958333  0.04031877
2.617994  -1.916667  0.04426246
2.617994  -1.875000  0.04857946
2.617994  -1.833333  0.05330257
2.617994  -1.791667  0.05846698
2.617994  -1.750000  0.06411031
2.617994  -1.708333  0.07027265
2.617994  -1.666667  0.07699660
2.617994  -1.625000  0.08432722
2.617994  -1.583333  0.09231202
2.617994  -1.541667  0.10100076
2.617994  -1.500000  0.11044534
2.617994  -1.458333  0.12069953
2.617994  -1.416667  0.13181861
2.617994  -1.375000  0.14385897
2.617994  -1.333333  0.15687755
2.617994  -1.291667  0.17093122
2.617994  -1.250000  0.18607597
2.617994  -1.208333  0.20236604
2.617994  -1.166667  0.21985287
2.617994  -1.125000  0.23858398
2.617994  -1.083333  0.25860166
2.617994  -1.041667  0.27994163
2.617994  -1.000000  0.30263159
2.617994  -0.958333  0.32668973
2.617994  -0.916667  0.35212328
2.617994  -0.875000  0.37892704
2.617994  -0.833333  0.40708209
2.617994  -0.791667  0.43655464
2.617994  -0.750000  0.46729512
2.617994  -0.708333  0.49923761
2.617994  -0.666667  0.53229963
2.617994  -0.625000  0.56638231
2.617994  -0.583333  0.60137105
2.617994  -0.541667  0.63713672
2.617994  -0.500000  0.67353718
2.617994  -0.458333  0.71041940
2.617994  -0.416667  0.74762187
2.617994  -0.375000  0.78497734
2.617994  -0.333333  0.82231583
2.617994  -0.291667  0.85946764
2.617994  -0.250000  0.89626644
2.617994  -0.208333  0.93255220
2.617994  -0.166667  0.96817387
2.617994  -0.125000  1.00299177
2.617994  -0.083333  1.03687955
2.617994  -0.041667  1.06972566
2.617994  0.000000  1.10143449
2.617994  0.041667  1.13192682
2.617994  0.083333  1.16114005
2.617994  0.125000  1.18902780
2.617994  0.166667  1.21555934
2.617994  0.208333  1.24071858
2.617994  0.250000  1.26450291
2.617994  0.291667  1.28692185
2.617994  0.333333  1.30799561
2.617994  0.375000  1.32775361
2.617994  0.416667  1.34623300
2.617994  0.458333  1.36347721
2.617994  0.500000  1.37953464
2.617994  0.541667  1.39445739
2.617994  0.583333  1.40830011
2.617994  0.625000  1.42111904
2.617994  0.666667  1.43297112
2.617994  0.708333  1.44391324
2.617994  0.750000  1.45400159
2.617994  0.791667  1.46329119
2.617994  0.833333  1.47183545
2.617994  0.875000  1.47968588
2.617994  0.916667  1.48689179
2.617994  0.958333  1.49350021
2.617994  1.000000  1.49955572
2.617994  1.041667  1.50510041
2.617994  1.083333  1.51017388
2.617994  1.125000  1.51481327
2.617994  1.166667  1.51905327
2.617994  1.208333  1.52292622
2.617994  1.250000  1.52646221
2.617994  1.291667  1.52968912
2.617994  1.333333  1.53263281
2.617994  1.375000  1.53531714
2.617994  1.416667  1.53776415
2.617994  1.458333  1.53999415
2.617994  1.500000  1.54202581
2.617994  1.541667  1.54387632
2.617994  1.583333  1.54556143
2.617994  1.625000  1.54709561
2.617994  1.666667  1.54849211
2.617994  1.708333  1.54976306
2.617994  1.750000  1.55091958
2.617994  1.791667  1.55197180
2.617994  1.833333  1.55292902
2.617994  1.875000  1.55379971
2.617994  1.916667  1.55459160
2.617994  1.958333  1.55531175
2.617994  2.000000  1.55596660

2.670354  -3.000000  0.00386015
2.670354  -2.958333  0.00424780
2.670354  -2.916667  0.00467427
2.670354  -2.875000  0.00514341
2.670354  -2.833333  0.00565947
2.670354  -2.791667  0.00622710
2.670354  -2.750000  0.00685142
2.670354  -2.708333  0.00753803
2.670354  -2.666667  0.00829309
2.670354  -2.625000  0.00912334
2.670354  -2.583333  0.01003619
2.670354  -2.541667  0.01103972
2.670354  -2.500000  0.01214283
2.670354  -2.458333  0.01335522
2.670354  -2.416667  0.01468753
2.670354  -2.375000  0.01615139
2.670354  -2.333333  0.01775949
2.670354  -2.291667  0.01952571
2.670354  -2.250000  0.02146517
2.670354  -2.208333  0.02359437
2.670354  -2.166667  0.02593126
2.670354  -2.125000  0.02849538
2.670354  -2.083333  0.03130795
2.670354  -2.041667  0.03439199
2.670354  -2.000000  0.03777244
2.670354  -1.958333  0.04147626
2.670354  -1.916667  0.04553257
2.670354  -1.875000  0.04997273
2.670354  -1.833333  0.05483046
2.670354  -1.791667  0.06014188
2.670354  -1.750000  0.06594565
2.670354  -1.708333  0.07228294
2.670354  -1.666667  0.07919749
2.670354  -1.625000  0.08673557
2.670354  -1.583333  0.09494592
2.670354  -1.541667  0.10387962
2.670354  -1.500000  0.11358991
2.670354  -1.458333  0.12413190
2.670354  -1.416667  0.13556227
2.670354  -1.375000  0.14793879
2.670354  -1.333333  0.16131977
2.670354  -1.291667  0.17576339
2.670354  -1.250000  0.19132693
2.670354  -1.208333  0.20806578
2.670354  -1.166667  0.22603244
2.670354  -1.125000  0.24527533
2.670354  -1.083333  0.26583743
2.670354  -1.041667  0.28775496
2.670354  -1.000000  0.31105582
2.670354  -0.958333  0.33575814
2.670354  -0.916667  0.36186872
2.670354  -0.875000  0.38938160
2.670354  -0.833333  0.41827669
2.670354  -0.791667  0.44851864
2.670354  -0.750000  0.48005595
2.670354  -0.708333  0.51282033
2.670354  -0.666667  0.54672652
2.670354  -0.625000  0.58167257
2.670354  -0.583333  0.61754044
2.670354  -0.541667  0.65419727
2.670354  -0.500000  0.69149703
2.670354  -0.458333  0.72928261
2.670354  -0.416667  0.76738836
2.670354  -0.375000  0.80564289
2.670354  -0.333333  0.84387214
2.670354  -0.291667  0.88190252
2.670354  -0.250000  0.91956398
2.670354  -0.208333  0.95669309
2.670354  -0.166667  0.99313569
2.670354  -0.125000  1.02874937
2.670354  -0.083333  1.06340542
2.670354  -0.041667  1.09699037
2.670354  0.000000  1.12940704
2.670354  0.041667  1.16057511
2.670354  0.083333  1.19043119
2.670354  0.125000  1.21892852
2.670354  0.166667  1.24603629
2.670354  0.208333  1.27173864
2.670354  0.250000  1.29603345
2.670354  0.291667  1.31893096
2.670354  0.333333  1.34045229
2.670354  0.375000  1.36062790
2.670354  0.416667  1.37949612
2.670354  0.458333  1.39710166
2.670354  0.500000  1.41349423
2.670354  0.541667  1.42872730
2.670354  0.583333  1.44285692
2.670354  0.625000  1.45594070
2.670354  0.666667  1.46803694
2.670354  0.708333  1.47920387
2.670354  0.750000  1.48949898
2.670354  0.791667  1.49897853
2.670354  0.833333  1.50769715
2.670354  0.875000  1.51570746
2.670354  0.916667  1.52305987
2.670354  0.958333  1.52980242
2.670354  1.000000  1.53598066
2.670354  1.041667  1.54163757
2.670354  1.083333  1.54681360
2.670354  1.125000  1.55154666
2.670354  1.166667  1.55587218
2.670354  1.208333  1.55982318
2.670354  1.250000  1.56343036
2.670354  1.291667  1.56672219
2.670354  1.333333  1.56972505
2.670354  1.375000  1.57246331
2.670354  1.416667  1.57495945
2.670354  1.458333  1.57723420
2.670354  1.500000  1.57930661
2.670354  1.541667  1.58119421
2.670354  1.583333  1.58291309
2.670354  1.625000  1.58447800
2.670354  1.666667  1.58590247
2.670354  1.708333  1.58719886
2.670354  1.750000  1.58837852
2.670354  1.791667  1.58945180
2.670354  1.833333  1.59042817
2.670354  1.875000  1.59131627
2.670354  1.916667  1.59212399
2.670354  1.958333  1.59285854
2.670354  2.000000  1.59352648

2.722714  -3.000000  0.00395775
2.722714  -2.958333  0.00435520
2.722714  -2.916667  0.00479244
2.722714  -2.875000  0.00527344
2.722714  -2.833333  0.00580254
2.722714  -2.791667  0.00638451
2.722714  -2.750000  0.00702460
2.722714  -2.708333  0.00772855
2.722714  -2.666667  0.00850267
2.722714  -2.625000  0.00935388
2.722714  -2.583333  0.01028976
2.722714  -2.541667  0.01131862
2.722714  -2.500000  0.01244955
2.722714  -2.458333  0.01369252
2.722714  -2.416667  0.01505843
2.722714  -2.375000  0.01655918
2.722714  -2.333333  0.01820780
2.722714  -2.291667  0.02001849
2.722714  -2.250000  0.02200678
2.722714  -2.208333  0.02418955
2.722714  -2.166667  0.02658522
2.722714  -2.125000  0.02921379
2.722714  -2.083333  0.03209700
2.722714  -2.041667  0.03525845
2.722714  -2.000000  0.03872369
2.722714  -1.958333  0.04252033
2.722714  -1.916667  0.04667820
2.722714  -1.875000  0.05122942
2.722714  -1.833333  0.05620851
2.722714  -1.791667  0.06165248
2.722714  -1.750000  0.06760089
2.722714  -1.708333  0.07409590
2.722714  -1.666667  0.08118226
2.722714  -1.625000  0.08890733
2.722714  -1.583333  0.09732097
2.722714  -1.541667  0.10647541
2.722714  -1.500000  0.11642511
2.722714  -1.458333  0.12722639
2.722714  -1.416667  0.13893718
2.722714  -1.375000  0.15161648
2.722714  -1.333333  0.16532381
2.722714  -1.291667  0.18011856
2.722714  -1.250000  0.19605910
2.722714  -1.208333  0.21320189
2.722714  -1.166667  0.23160035
2.722714  -1.125000  0.25130368
2.722714  -1.083333  0.27235550
2.722714  -1.041667  0.29479240
2.722714  -1.000000  0.31864250
2.722714  -0.958333  0.34392379
2.722714  -0.916667  0.37064271
2.722714  -0.875000  0.39879255
2.722714  -0.833333  0.42835218
2.722714  -0.791667  0.45928482
2.722714  -0.750000  0.49153718
2.722714  -0.708333  0.52503883
2.722714  -0.666667  0.55970202
2.722714  -0.625000  0.59542198
2.722714  -0.583333  0.63207760
2.722714  -0.541667  0.66953266
2.722714  -0.500000  0.70763762
2.722714  -0.458333  0.74623171
2.722714  -0.416667  0.78514558
2.722714  -0.375000  0.82420413
2.722714  -0.333333  0.86322969
2.722714  -0.291667  0.90204515
2.722714  -0.250000  0.94047721
2.722714  -0.208333  0.97835937
2.722714  -0.166667  1.01553474
2.722714  -0.125000  1.05185849
2.722714  -0.083333  1.08719984
2.722714  -0.041667  1.12144361
2.722714  0.000000  1.15449128
2.722714  0.041667  1.18626153
2.722714  0.083333  1.21669032
2.722714  0.125000  1.24573057
2.722714  0.166667  1.27335143
2.722714  0.208333  1.29953727
2.722714  0.250000  1.32428641
2.722714  0.291667  1.34760976
2.722714  0.333333  1.36952925
2.722714  0.375000  1.39007631
2.722714  0.416667  1.40929033
2.722714  0.458333  1.42721714
2.722714  0.500000  1.44390766
2.722714  0.541667  1.45941658
2.722714  0.583333  1.47380119
2.722714  0.625000  1.48712033
2.722714  0.666667  1.49943353
2.722714  0.708333  1.51080020
2.722714  0.750000  1.52127900
2.722714  0.791667  1.53092730
2.722714  0.833333  1.53980079
2.722714  0.875000  1.54795310
2.722714  0.916667  1.55543563
2.722714  0.958333  1.56229730
2.722714  1.000000  1.56858452
2.722714  1.041667  1.57434109
2.722714  1.083333  1.57960818
2.722714  1.125000  1.58442442
2.722714  1.166667  1.58882587
2.722714  1.208333  1.59284616
2.722714  1.250000  1.59651654
2.722714  1.291667  1.59986601
2.722714  1.333333  1.60292141
2.722714  1.375000  1.60570754
2.722714  1.416667  1.60824729
2.722714  1.458333  1.61056176
2.722714  1.500000  1.61267035
2.722714  1.541667  1.61459088
2.722714  1.583333  1.61633973
2.722714  1.625000  1.61793192
2.722714  1.666667  1.61938121
2.722714  1.708333  1.62070019
2.722714  1.750000  1.62190039
2.722714  1.791667  1.62299236
2.722714  1.833333  1.62398572
2.722714  1.875000  1.62488927
2.722714  1.916667  1.62571105
2.722714  1.958333  1.62645837
2.722714  2.000000  1.62713794

2.775074  -3.000000  0.00404451
2.775074  -2.958333  0.00445067
2.775074  -2.916667  0.00489749
2.775074  -2.875000  0.00538902
2.775074  -2.833333  0.00592971
2.775074  -2.791667  0.00652442
2.775074  -2.750000  0.00717853
2.775074  -2.708333  0.00789789
2.775074  -2.666667  0.00868896
2.775074  -2.625000  0.00955879
2.775074  -2.583333  0.01051515
2.775074  -2.541667  0.01156652
2.775074  -2.500000  0.01272219
2.775074  -2.458333  0.01399233
2.775074  -2.416667  0.01538809
2.775074  -2.375000  0.01692163
2.775074  -2.333333  0.01860626
2.775074  -2.291667  0.02045649
2.775074  -2.250000  0.02248816
2.775074  -2.208333  0.02471855
2.775074  -2.166667  0.02716644
2.775074  -2.125000  0.02985228
2.775074  -2.083333  0.03279827
2.775074  -2.041667  0.03602851
2.775074  -2.000000  0.03956908
2.775074  -1.958333  0.04344819
2.775074  -1.916667  0.04769630
2.775074  -1.875000  0.05234619
2.775074  -1.833333  0.05743311
2.775074  -1.791667  0.06299483
2.775074  -1.750000  0.06907172
2.775074  -1.708333  0.07570681
2.775074  -1.666667  0.08294577
2.775074  -1.625000  0.09083690
2.775074  -1.583333  0.09943106
2.775074  -1.541667  0.10878152
2.775074  -1.500000  0.11894377
2.775074  -1.458333  0.12997525
2.775074  -1.416667  0.14193495
2.775074  -1.375000  0.15488298
2.775074  -1.333333  0.16887993
2.775074  -1.291667  0.18398622
2.775074  -1.250000  0.20026123
2.775074  -1.208333  0.21776231
2.775074  -1.166667  0.23654371
2.775074  -1.125000  0.25665530
2.775074  -1.083333  0.27814123
2.775074  -1.041667  0.30103846
2.775074  -1.000000  0.32537522
2.775074  -0.958333  0.35116942
2.775074  -0.916667  0.37842709
2.775074  -0.875000  0.40714091
2.775074  -0.833333  0.43728875
2.775074  -0.791667  0.46883258
2.775074  -0.750000  0.50171748
2.775074  -0.708333  0.53587113
2.775074  -0.666667  0.57120355
2.775074  -0.625000  0.60760747
2.775074  -0.583333  0.64495903
2.775074  -0.541667  0.68311906
2.775074  -0.500000  0.72193488
2.775074  -0.458333  0.76124252
2.775074  -0.416667  0.80086933
2.775074  -0.375000  0.84063698
2.775074  -0.333333  0.88036457
2.775074  -0.291667  0.91987195
2.775074  -0.250000  0.95898291
2.775074  -0.208333  0.99752831
2.775074  -0.166667  1.03534885
2.775074  -0.125000  1.07229758
2.775074  -0.083333  1.10824193
2.775074  -0.041667  1.14306523
2.775074  0.000000  1.17666780
2.775074  0.041667  1.20896746
2.775074  0.083333  1.23989964
2.775074  0.125000  1.26941697
2.775074  0.166667  1.29748860
2.775074  0.208333  1.32409910
2.775074  0.250000  1.34924722
2.775074  0.291667  1.37294446
2.775074  0.333333  1.39521348
2.775074  0.375000  1.41608656
2.775074  0.416667  1.43560403
2.775074  0.458333  1.45381274
2.775074  0.500000  1.47076466
2.775074  0.541667  1.48651556
2.775074  0.583333  1.50112382
2.775074  0.625000  1.51464938
2.775074  0.666667  1.52715283
2.775074  0.708333  1.53869465
2.775074  0.750000  1.54933450
2.775074  0.791667  1.55913074
2.775074  0.833333  1.56813999
2.775074  0.875000  1.57641679
2.775074  0.916667  1.58401336
2.775074  0.958333  1.59097945
2.775074  1.000000  1.59736219
2.775074  1.041667  1.60320609
2.775074  1.083333  1.60855299
2.775074  1.125000  1.61344212
2.775074  1.166667  1.61791011
2.775074  1.208333  1.62199112
2.775074  1.250000  1.62571688
2.775074  1.291667  1.62911685
2.775074  1.333333  1.63221828
2.775074  1.375000  1.63504636
2.775074  1.416667  1.63762433
2.775074  1.458333  1.63997360
2.775074  1.500000  1.64211388
2.775074  1.541667  1.64406326
2.775074  1.583333  1.64583838
2.775074  1.625000  1.64745446
2.775074  1.666667  1.64892550
2.775074  1.708333  1.65026426
2.775074  1.750000  1.65148246
2.775074  1.791667  1.65259080
2.775074  1.833333  1.65359905
2.775074  1.875000  1.65451614
2.775074  1.916667  1.65535023
2.775074  1.958333  1.65610875
2.775074  2.000000  1.65679849

2.827433  -3.000000  0.00412019
2.827433  -2.958333  0.00453394
2.827433  -2.916667  0.00498911
2.827433  -2.875000  0.00548984
2.827433  -2.833333  0.00604063
2.827433  -2.791667  0.00664646
2.827433  -2.750000  0.00731279
2.827433  -2.708333  0.00804559
2.827433  -2.666667  0.00885144
2.827433  -2.625000  0.00973753
2.827433  -2.583333  0.01071175
2.827433  -2.541667  0.01178274
2.827433  -2.500000  0.01295998
2.827433  -2.458333  0.01425383
2.827433  -2.416667  0.01567563
2.827433  -2.375000  0.01723777
2.827433  -2.333333  0.01895380
2.827433  -2.291667  0.02083850
2.827433  -2.250000  0.02290802
2.827433  -2.208333  0.02517993
2.827433  -2.166667  0.02767336
2.827433  -2.125000  0.03040914
2.827433  -2.083333  0.03340988
2.827433  -2.041667  0.03670010
2.827433  -2.000000  0.04030636
2.827433  -1.958333  0.04425739
2.827433  -1.916667  0.04858417
2.827433  -1.875000  0.05332009
2.827433  -1.833333  0.05850101
2.827433  -1.791667  0.06416538
2.827433  -1.750000  0.07035429
2.827433  -1.708333  0.07711149
2.827433  -1.666667  0.08448346
2.827433  -1.625000  0.09251933
2.827433  -1.583333  0.10127082
2.827433  -1.541667  0.11079209
2.827433  -1.500000  0.12113956
2.827433  -1.458333  0.13237160
2.827433  -1.416667  0.14454816
2.827433  -1.375000  0.15773027
2.827433  -1.333333  0.17197948
2.827433  -1.291667  0.18735710
2.827433  -1.250000  0.20392334
2.827433  -1.208333  0.22173637
2.827433  -1.166667  0.24085111
2.827433  -1.125000  0.26131803
2.827433  -1.083333  0.28318173
2.827433  -1.041667  0.30647945
2.827433  -1.000000  0.33123953
2.827433  -0.958333  0.35747977
2.827433  -0.916667  0.38520588
2.827433  -0.875000  0.41440992
2.827433  -0.833333  0.44506895
2.827433  -0.791667  0.47714378
2.827433  -0.750000  0.51057811
2.827433  -0.708333  0.54529791
2.827433  -0.666667  0.58121129
2.827433  -0.625000  0.61820878
2.827433  -0.583333  0.65616412
2.827433  -0.541667  0.69493558
2.827433  -0.500000  0.73436777
2.827433  -0.458333  0.77429390
2.827433  -0.416667  0.81453851
2.827433  -0.375000  0.85492041
2.827433  -0.333333  0.89525596
2.827433  -0.291667  0.93536236
2.827433  -0.250000  0.97506092
2.827433  -0.208333  1.01418017
2.827433  -0.166667  1.05255877
2.827433  -0.125000  1.09004797
2.827433  -0.083333  1.12651362
2.827433  -0.041667  1.16183782
2.827433  0.000000  1.19591987
2.827433  0.041667  1.22867690
2.827433  0.083333  1.26004386
2.827433  0.125000  1.28997316
2.827433  0.166667  1.31843396
2.827433  0.208333  1.34541103
2.827433  0.250000  1.37090349
2.827433  0.291667  1.39492336
2.827433  0.333333  1.41749393
2.827433  0.375000  1.43864825
2.827433  0.416667  1.45842745
2.827433  0.458333  1.47687927
2.827433  0.500000  1.49405660
2.827433  0.541667  1.51001614
2.827433  0.583333  1.52481722
2.827433  0.625000  1.53852072
2.827433  0.666667  1.55118818
2.827433  0.708333  1.56288095
2.827433  0.750000  1.57365961
2.827433  0.791667  1.58358334
2.827433  0.833333  1.59270959
2.827433  0.875000  1.60109365
2.827433  0.916667  1.60878849
2.827433  0.958333  1.61584454
2.827433  1.000000  1.62230958
2.827433  1.041667  1.62822872
2.827433  1.083333  1.63364438
2.827433  1.125000  1.63859630
2.827433  1.166667  1.64312161
2.827433  1.208333  1.64725493
2.827433  1.250000  1.65102840
2.827433  1.291667  1.65447187
2.827433  1.333333  1.65761295
2.827433  1.375000  1.66047716
2.827433  1.416667  1.66308804
2.827433  1.458333  1.66546729
2.827433  1.500000  1.66763486
2.827433  1.541667  1.66960910
2.827433  1.583333  1.67140683
2.827433  1.625000  1.67304350
2.827433  1.666667  1.67453327
2.827433  1.708333  1.67588907
2.827433  1.750000  1.67712277
2.827433  1.791667  1.67824521
2.827433  1.833333  1.67926628
2.827433  1.875000  1.68019503
2.827433  1.916667  1.68103973
2.827433  1.958333  1.68180789
2.827433  2.000000  1.68250639

2.879793  -3.000000  0.00418457
2.879793  -2.958333  0.00460479
2.879793  -2.916667  0.00506707
2.879793  -2.875000  0.00557561
2.879793  -2.833333  0.00613501
2.879793  -2.791667  0.00675030
2.879793  -2.750000  0.00742702
2.879793  -2.708333  0.00817127
2.879793  -2.666667  0.00898969
2.879793  -2.625000  0.00988960
2.879793  -2.583333  0.01087901
2.879793  -2.541667  0.01196671
2.879793  -2.500000  0.01316230
2.879793  -2.458333  0.01447631
2.879793  -2.416667  0.01592026
2.879793  -2.375000  0.01750673
2.879793  -2.333333  0.01924948
2.879793  -2.291667  0.02116351
2.879793  -2.250000  0.02326522
2.879793  -2.208333  0.02557244
2.879793  -2.166667  0.02810462
2.879793  -2.125000  0.03088289
2.879793  -2.083333  0.03393019
2.879793  -2.041667  0.03727143
2.879793  -2.000000  0.04093357
2.879793  -1.958333  0.04494576
2.879793  -1.916667  0.04933946
2.879793  -1.875000  0.05414855
2.879793  -1.833333  0.05940942
2.879793  -1.791667  0.06516109
2.879793  -1.750000  0.07144524
2.879793  -1.708333  0.07830629
2.879793  -1.666667  0.08579136
2.879793  -1.625000  0.09395029
2.879793  -1.583333  0.10283554
2.879793  -1.541667  0.11250203
2.879793  -1.500000  0.12300695
2.879793  -1.458333  0.13440947
2.879793  -1.416667  0.14677034
2.879793  -1.375000  0.16015139
2.879793  -1.333333  0.17461496
2.879793  -1.291667  0.19022310
2.879793  -1.250000  0.20703678
2.879793  -1.208333  0.22511478
2.879793  -1.166667  0.24451264
2.879793  -1.125000  0.26528131
2.879793  -1.083333  0.28746576
2.879793  -1.041667  0.31110348
2.879793  -1.000000  0.33622287
2.879793  -0.958333  0.36284164
2.879793  -0.916667  0.39096520
2.879793  -0.875000  0.42058511
2.879793  -0.833333  0.45167768
2.879793  -0.791667  0.48420276
2.879793  -0.750000  0.51810285
2.879793  -0.708333  0.55330248
2.879793  -0.666667  0.58970812
2.879793  -0.625000  0.62720843
2.879793  -0.583333  0.66567511
2.879793  -0.541667  0.70496426
2.879793  -0.500000  0.74491818
2.879793  -0.458333  0.78536771
2.879793  -0.416667  0.82613497
2.879793  -0.375000  0.86703641
2.879793  -0.333333  0.90788604
2.879793  -0.291667  0.94849882
2.879793  -0.250000  0.98869397
2.879793  -0.208333  1.02829809
2.879793  -0.166667  1.06714811
2.879793  -0.125000  1.10509374
2.879793  -0.083333  1.14199956
2.879793  -0.041667  1.17774659
2.879793  0.000000  1.21223333
2.879793  0.041667  1.24537629
2.879793  0.083333  1.27711005
2.879793  0.125000  1.30738686
2.879793  0.166667  1.33617587
2.879793  0.208333  1.36346203
2.879793  0.250000  1.38924480
2.879793  0.291667  1.41353664
2.879793  0.333333  1.43636139
2.879793  0.375000  1.45775272
2.879793  0.416667  1.47775248
2.879793  0.458333  1.49640914
2.879793  0.500000  1.51377637
2.879793  0.541667  1.52991167
2.879793  0.583333  1.54487517
2.879793  0.625000  1.55872855
2.879793  0.666667  1.57153412
2.879793  0.708333  1.58335403
2.879793  0.750000  1.59424957
2.879793  0.791667  1.60428067
2.879793  0.833333  1.61350543
2.879793  0.875000  1.62197981
2.879793  0.916667  1.62975738
2.879793  0.958333  1.63688917
2.879793  1.000000  1.64342349
2.879793  1.041667  1.64940598
2.879793  1.083333  1.65487951
2.879793  1.125000  1.65988429
2.879793  1.166667  1.66445786
2.879793  1.208333  1.66863520
2.879793  1.250000  1.67244883
2.879793  1.291667  1.67592892
2.879793  1.333333  1.67910337
2.879793  1.375000  1.68199799
2.879793  1.416667  1.68463658
2.879793  1.458333  1.68704106
2.879793  1.500000  1.68923160
2.879793  1.541667  1.69122675
2.879793  1.583333  1.69304353
2.879793  1.625000  1.69469752
2.879793  1.666667  1.69620305
2.879793  1.708333  1.69757320
2.879793  1.750000  1.69881995
2.879793  1.791667  1.69995425
2.879793  1.833333  1.70098611
2.879793  1.875000  1.70192468
2.879793  1.916667  1.70277829
2.879793  1.958333  1.70355457
2.879793  2.000000  1.70426045

2.932153  -3.000000  0.00423749
2.932153  -2.958333  0.00466302
2.932153  -2.916667  0.00513115
2.932153  -2.875000  0.00564611
2.932153  -2.833333  0.00621258
2.932153  -2.791667  0.00683564
2.932153  -2.750000  0.00752092
2.932153  -2.708333  0.00827456
2.932153  -2.666667  0.00910331
2.932153  -2.625000  0.01001459
2.932153  -2.583333  0.01101649
2.932153  -2.541667  0.01211791
2.932153  -2.500000  0.01332858
2.932153  -2.458333  0.01465917
2.932153  -2.416667  0.01612132
2.932153  -2.375000  0.01772779
2.932153  -2.333333  0.01949249
2.932153  -2.291667  0.02143063
2.932153  -2.250000  0.02355879
2.932153  -2.208333  0.02589505
2.932153  -2.166667  0.02845907
2.932153  -2.125000  0.03127224
2.932153  -2.083333  0.03435781
2.932153  -2.041667  0.03774098
2.932153  -2.000000  0.04144904
2.932153  -1.958333  0.04551149
2.932153  -1.916667  0.04996017
2.932153  -1.875000  0.05482938
2.932153  -1.833333  0.06015594
2.932153  -1.791667  0.06597934
2.932153  -1.750000  0.07234175
2.932153  -1.708333  0.07928810
2.932153  -1.666667  0.08686609
2.932153  -1.625000  0.09512611
2.932153  -1.583333  0.10412124
2.932153  -1.541667  0.11390700
2.932153  -1.500000  0.12454124
2.932153  -1.458333  0.13608377
2.932153  -1.416667  0.14859599
2.932153  -1.375000  0.16214041
2.932153  -1.333333  0.17677998
2.932153  -1.291667  0.19257739
2.932153  -1.250000  0.20959418
2.932153  -1.208333  0.22788969
2.932153  -1.166667  0.24751992
2.932153  -1.125000  0.26853621
2.932153  -1.083333  0.29098385
2.932153  -1.041667  0.31490050
2.932153  -1.000000  0.34031463
2.932153  -0.958333  0.36724386
2.932153  -0.916667  0.39569334
2.932153  -0.875000  0.42565422
2.932153  -0.833333  0.45710218
2.932153  -0.791667  0.48999629
2.932153  -0.750000  0.52427803
2.932153  -0.708333  0.55987079
2.932153  -0.666667  0.59667964
2.932153  -0.625000  0.63459172
2.932153  -0.583333  0.67347708
2.932153  -0.541667  0.71319000
2.932153  -0.500000  0.75357090
2.932153  -0.458333  0.79444868
2.932153  -0.416667  0.83564351
2.932153  -0.375000  0.87696986
2.932153  -0.333333  0.91823985
2.932153  -0.291667  0.95926662
2.932153  -0.250000  0.99986765
2.932153  -0.208333  1.03986801
2.932153  -0.166667  1.07910318
2.932153  -0.125000  1.11742165
2.932153  -0.083333  1.15468696
2.932153  -0.041667  1.19077925
2.932153  0.000000  1.22559638
2.932153  0.041667  1.25905437
2.932153  0.083333  1.29108749
2.932153  0.125000  1.32164788
2.932153  0.166667  1.35070468
2.932153  0.208333  1.37824301
2.932153  0.250000  1.40426259
2.932153  0.291667  1.42877624
2.932153  0.333333  1.45180828
2.932153  0.375000  1.47339289
2.932153  0.416667  1.49357248
2.932153  0.458333  1.51239614
2.932153  0.500000  1.52991818
2.932153  0.541667  1.54619675
2.932153  0.583333  1.56129264
2.932153  0.625000  1.57526818
2.932153  0.666667  1.58818632
2.932153  0.708333  1.60010984
2.932153  0.750000  1.61110063
2.932153  0.791667  1.62121921
2.932153  0.833333  1.63052424
2.932153  0.875000  1.63907221
2.932153  0.916667  1.64691720
2.932153  0.958333  1.65411069
2.932153  1.000000  1.66070146
2.932153  1.041667  1.66673555
2.932153  1.083333  1.67225624
2.932153  1.125000  1.67730409
2.932153  1.166667  1.68191696
2.932153  1.208333  1.68613017
2.932153  1.250000  1.68997651
2.932153  1.291667  1.69348642
2.932153  1.333333  1.69668806
2.932153  1.375000  1.69960746
2.932153  1.416667  1.70226861
2.932153  1.458333  1.70469364
2.932153  1.500000  1.70690290
2.932153  1.541667  1.70891509
2.932153  1.583333  1.71074737
2.932153  1.625000  1.71241548
2.932153  1.666667  1.71393384
2.932153  1.708333  1.71531567
2.932153  1.750000  1.71657305
2.932153  1.791667  1.71771701
2.932153  1.833333  1.71875767
2.932153  1.875000  1.71970423
2.932153  1.916667  1.72056511
2.932153  1.958333  1.72134799
2.932153  2.000000  1.72205988

2.984513  -3.000000  0.00427881
2.984513  -2.958333  0.00470848
2.984513  -2.916667  0.00518117
2.984513  -2.875000  0.00570115
2.984513  -2.833333  0.00627313
2.984513  -2.791667  0.00690226
2.984513  -2.750000  0.00759421
2.984513  -2.708333  0.00835519
2.984513  -2.666667  0.00919201
2.984513  -2.625000  0.01011215
2.984513  -2.583333  0.01112380
2.984513  -2.541667  0.01223594
2.984513  -2.500000  0.01345839
2.984513  -2.458333  0.01480191
2.984513  -2.416667  0.01627827
2.984513  -2.375000  0.01790035
2.984513  -2.333333  0.01968219
2.984513  -2.291667  0.02163914
2.984513  -2.250000  0.02378796
2.984513  -2.208333  0.02614687
2.984513  -2.166667  0.02873574
2.984513  -2.125000  0.03157616
2.984513  -2.083333  0.03469160
2.984513  -2.041667  0.03810749
2.984513  -2.000000  0.04185138
2.984513  -1.958333  0.04595306
2.984513  -1.916667  0.05044466
2.984513  -1.875000  0.05536078
2.984513  -1.833333  0.06073861
2.984513  -1.791667  0.06661798
2.984513  -1.750000  0.07304146
2.984513  -1.708333  0.08005438
2.984513  -1.666667  0.08770487
2.984513  -1.625000  0.09604378
2.984513  -1.583333  0.10512463
2.984513  -1.541667  0.11500345
2.984513  -1.500000  0.12573858
2.984513  -1.458333  0.13739034
2.984513  -1.416667  0.15002063
2.984513  -1.375000  0.16369247
2.984513  -1.333333  0.17846932
2.984513  -1.291667  0.19441434
2.984513  -1.250000  0.21158953
2.984513  -1.208333  0.23005465
2.984513  -1.166667  0.24986605
2.984513  -1.125000  0.27107541
2.984513  -1.083333  0.29372821
2.984513  -1.041667  0.31786228
2.984513  -1.000000  0.34350612
2.984513  -0.958333  0.37067729
2.984513  -0.916667  0.39938072
2.984513  -0.875000  0.42960723
2.984513  -0.833333  0.46133203
2.984513  -0.791667  0.49451355
2.984513  -0.750000  0.52909250
2.984513  -0.708333  0.56499134
2.984513  -0.666667  0.60211407
2.984513  -0.625000  0.64034666
2.984513  -0.583333  0.67955784
2.984513  -0.541667  0.71960048
2.984513  -0.500000  0.76031355
2.984513  -0.458333  0.80152444
2.984513  -0.416667  0.84305176
2.984513  -0.375000  0.88470850
2.984513  -0.333333  0.92630527
2.984513  -0.291667  0.96765381
2.984513  -0.250000  1.00857028
2.984513  -0.208333  1.04887850
2.984513  -0.166667  1.08841290
2.984513  -0.125000  1.12702098
2.984513  -0.083333  1.16456548
2.984513  -0.041667  1.20092589
2.984513  0.000000  1.23599954
2.984513  0.041667  1.26970209
2.984513  0.083333  1.30196760
2.984513  0.125000  1.33274807
2.984513  0.166667  1.36201269
2.984513  0.208333  1.38974670
2.984513  0.250000  1.41595001
2.984513  0.291667  1.44063575
2.984513  0.333333  1.46382859
2.984513  0.375000  1.48556312
2.984513  0.416667  1.50588219
2.984513  0.458333  1.52483538
2.984513  0.500000  1.54247748
2.984513  0.541667  1.55886715
2.984513  0.583333  1.57406569
2.984513  0.625000  1.58813595
2.984513  0.666667  1.60114138
2.984513  0.708333  1.61314522
2.984513  0.750000  1.62420986
2.984513  0.791667  1.63439626
2.984513  0.833333  1.64376352
2.984513  0.875000  1.65236854
2.984513  0.916667  1.66026578
2.984513  0.958333  1.66750710
2.984513  1.000000  1.67414163
2.984513  1.041667  1.68021572
2.984513  1.083333  1.68577296
2.984513  1.125000  1.69085418
2.984513  1.166667  1.69549752
2.984513  1.208333  1.69973853
2.984513  1.250000  1.70361023
2.984513  1.291667  1.70714326
2.984513  1.333333  1.71036597
2.984513  1.375000  1.71330456
2.984513  1.416667  1.71598320
2.984513  1.458333  1.71842417
2.984513  1.500000  1.72064793
2.984513  1.541667  1.72267332
2.984513  1.583333  1.72451761
2.984513  1.625000  1.72619666
2.984513  1.666667  1.72772498
2.984513  1.708333  1.72911586
2.984513  1.750000  1.73038147
2.984513  1.791667  1.73153293
2.984513  1.833333  1.73258039
2.984513  1.875000  1.73353315
2.984513  1.916667  1.73439966
2.984513  1.958333  1.73518767
2.984513  2.000000  1.73590421

3.036873  -3.000000  0.00430839
3.036873  -2.958333  0.00474104
3.036873  -2.916667  0.00521699
3.036873  -2.875000  0.00574057
3.036873  -2.833333  0.00631650
3.036873  -2.791667  0.00694998
3.036873  -2.750000  0.00764671
3.036873  -2.708333  0.00841294
3.036873  -2.666667  0.00925554
3.036873  -2.625000  0.01018203
3.036873  -2.583333  0.01120067
3.036873  -2.541667  0.01232048
3.036873  -2.500000  0.01355136
3.036873  -2.458333  0.01490415
3.036873  -2.416667  0.01639069
3.036873  -2.375000  0.01802394
3.036873  -2.333333  0.01981805
3.036873  -2.291667  0.02178849
3.036873  -2.250000  0.02395209
3.036873  -2.208333  0.02632722
3.036873  -2.166667  0.02893389
3.036873  -2.125000  0.03179383
3.036873  -2.083333  0.03493066
3.036873  -2.041667  0.03836999
3.036873  -2.000000  0.04213954
3.036873  -1.958333  0.04626931
3.036873  -1.916667  0.05079164
3.036873  -1.875000  0.05574136
3.036873  -1.833333  0.06115590
3.036873  -1.791667  0.06707535
3.036873  -1.750000  0.07354256
3.036873  -1.708333  0.08060315
3.036873  -1.666667  0.08830555
3.036873  -1.625000  0.09670094
3.036873  -1.583333  0.10584317
3.036873  -1.541667  0.11578862
3.036873  -1.500000  0.12659598
3.036873  -1.458333  0.13832593
3.036873  -1.416667  0.15104074
3.036873  -1.375000  0.16480380
3.036873  -1.333333  0.17967891
3.036873  -1.291667  0.19572958
3.036873  -1.250000  0.21301814
3.036873  -1.208333  0.23160464
3.036873  -1.166667  0.25154570
3.036873  -1.125000  0.27289319
3.036873  -1.083333  0.29569280
3.036873  -1.041667  0.31998242
3.036873  -1.000000  0.34579059
3.036873  -0.958333  0.37313481
3.036873  -0.916667  0.40201988
3.036873  -0.875000  0.43243636
3.036873  -0.833333  0.46435913
3.036873  -0.791667  0.49774615
3.036873  -0.750000  0.53253759
3.036873  -0.708333  0.56865522
3.036873  -0.666667  0.60600231
3.036873  -0.625000  0.64446396
3.036873  -0.583333  0.68390795
3.036873  -0.541667  0.72418618
3.036873  -0.500000  0.76513655
3.036873  -0.458333  0.80658537
3.036873  -0.416667  0.84835017
3.036873  -0.375000  0.89024283
3.036873  -0.333333  0.93207294
3.036873  -0.291667  0.97365120
3.036873  -0.250000  1.01479283
3.036873  -0.208333  1.05532080
3.036873  -0.166667  1.09506874
3.036873  -0.125000  1.13388348
3.036873  -0.083333  1.17162718
3.036873  -0.041667  1.20817888
3.036873  0.000000  1.24343551
3.036873  0.041667  1.27731251
3.036873  0.083333  1.30974375
3.036873  0.125000  1.34068118
3.036873  0.166667  1.37009400
3.036873  0.208333  1.39796752
3.036873  0.250000  1.42430184
3.036873  0.291667  1.44911027
3.036873  0.333333  1.47241774
3.036873  0.375000  1.49425913
3.036873  0.416667  1.51467762
3.036873  0.458333  1.53372313
3.036873  0.500000  1.55145080
3.036873  0.541667  1.56791965
3.036873  0.583333  1.58319136
3.036873  0.625000  1.59732912
3.036873  0.666667  1.61039674
3.036873  0.708333  1.62245782
3.036873  0.750000  1.63357508
3.036873  0.791667  1.64380981
3.036873  0.833333  1.65322140
3.036873  0.875000  1.66186707
3.036873  0.916667  1.66980155
3.036873  0.958333  1.67707695
3.036873  1.000000  1.68374265
3.036873  1.041667  1.68984524
3.036873  1.083333  1.69542852
3.036873  1.125000  1.70053352
3.036873  1.166667  1.70519857
3.036873  1.208333  1.70945938
3.036873  1.250000  1.71334914
3.036873  1.291667  1.71689864
3.036873  1.333333  1.72013636
3.036873  1.375000  1.72308863
3.036873  1.416667  1.72577973
3.036873  1.458333  1.72823204
3.036873  1.500000  1.73046614
3.036873  1.541667  1.73250093
3.036873  1.583333  1.73435379
3.036873  1.625000  1.73604062
3.036873  1.666667  1.73757603
3.036873  1.708333  1.73897336
3.036873  1.750000  1.74024483
3.036873  1.791667  1.74140163
3.036873  1.833333  1.74245395
3.036873  1.875000  1.74341111
3.036873  1.916667  1.74428164
3.036873  1.958333  1.74507330
3.036873  2.000000  1.74579316

3.089233  -3.000000  0.00432618
3.089233  -2.958333  0.00476061
3.089233  -2.916667  0.00523853
3.089233  -2.875000  0.00576426
3.089233  -2.833333  0.00634257
3.089233  -2.791667  0.00697866
3.089233  -2.750000  0.00767826
3.089233  -2.708333  0.00844765
3.089233  -2.666667  0.00929373
3.089233  -2.625000  0.01022404
3.089233  -2.583333  0.01124687
3.089233  -2.541667  0.01237129
3.089233  -2.500000  0.01360724
3.089233  -2.458333  0.01496560
3.089233  -2.416667  0.01645826
3.089233  -2.375000  0.01809823
3.089233  -2.333333  0.01989972
3.089233  -2.291667  0.02187825
3.089233  -2.250000  0.02405074
3.089233  -2.208333  0.02643563
3.089233  -2.166667  0.02905300
3.089233  -2.125000  0.03192467
3.089233  -2.083333  0.03507435
3.089233  -2.041667  0.03852776
3.089233  -2.000000  0.04231274
3.089233  -1.958333  0.04645939
3.089233  -1.916667  0.05100019
3.089233  -1.875000  0.05597011
3.089233  -1.833333  0.06140671
3.089233  -1.791667  0.06735025
3.089233  -1.750000  0.07384374
3.089233  -1.708333  0.08093298
3.089233  -1.666667  0.08866658
3.089233  -1.625000  0.09709591
3.089233  -1.583333  0.10627502
3.089233  -1.541667  0.11626051
3.089233  -1.500000  0.12711128
3.089233  -1.458333  0.13888821
3.089233  -1.416667  0.15165382
3.089233  -1.375000  0.16547168
3.089233  -1.333333  0.18040582
3.089233  -1.291667  0.19651998
3.089233  -1.250000  0.21387665
3.089233  -1.208333  0.23253606
3.089233  -1.166667  0.25255501
3.089233  -1.125000  0.27398550
3.089233  -1.083333  0.29687328
3.089233  -1.041667  0.32125633
3.089233  -1.000000  0.34716320
3.089233  -0.958333  0.37461135
3.089233  -0.916667  0.40360551
3.089233  -0.875000  0.43413606
3.089233  -0.833333  0.46617770
3.089233  -0.791667  0.49968810
3.089233  -0.750000  0.53460711
3.089233  -0.708333  0.57085609
3.089233  -0.666667  0.60833786
3.089233  -0.625000  0.64693698
3.089233  -0.583333  0.68652070
3.089233  -0.541667  0.72694031
3.089233  -0.500000  0.76803307
3.089233  -0.458333  0.80962465
3.089233  -0.416667  0.85153192
3.089233  -0.375000  0.89356612
3.089233  -0.333333  0.93553619
3.089233  -0.291667  0.97725224
3.089233  -0.250000  1.01852891
3.089233  -0.208333  1.05918866
3.089233  -0.166667  1.09906465
3.089233  -0.125000  1.13800331
3.089233  -0.083333  1.17586645
3.089233  -0.041667  1.21253281
3.089233  0.000000  1.24789915
3.089233  0.041667  1.28188071
3.089233  0.083333  1.31441129
3.089233  0.125000  1.34544280
3.089233  0.166667  1.37494443
3.089233  0.208333  1.40290157
3.089233  0.250000  1.42931439
3.089233  0.291667  1.45419634
3.089233  0.333333  1.47757250
3.089233  0.375000  1.49947792
3.089233  0.416667  1.51995598
3.089233  0.458333  1.53905680
3.089233  0.500000  1.55683574
3.089233  0.541667  1.57335203
3.089233  0.583333  1.58866757
3.089233  0.625000  1.60284576
3.089233  0.666667  1.61595064
3.089233  0.708333  1.62804602
3.089233  0.750000  1.63919480
3.089233  0.791667  1.64945848
3.089233  0.833333  1.65889663
3.089233  0.875000  1.66756664
3.089233  0.916667  1.67552342
3.089233  0.958333  1.68281924
3.089233  1.000000  1.68950361
3.089233  1.041667  1.69562328
3.089233  1.083333  1.70122215
3.089233  1.125000  1.70634139
3.089233  1.166667  1.71101944
3.089233  1.208333  1.71529211
3.089233  1.250000  1.71919269
3.089233  1.291667  1.72275205
3.089233  1.333333  1.72599876
3.089233  1.375000  1.72895923
3.089233  1.416667  1.73165779
3.089233  1.458333  1.73411690
3.089233  1.500000  1.73635718
3.089233  1.541667  1.73839761
3.089233  1.583333  1.74025559
3.089233  1.625000  1.74194709
3.089233  1.666667  1.74348675
3.089233  1.708333  1.74488794
3.089233  1.750000  1.74616293
3.089233  1.791667  1.74732292
3.089233  1.833333  1.74837814
3.089233  1.875000  1.74933795
3.089233  1.916667  1.75021088
3.089233  1.958333  1.75100472
3.089233  2.000000  1.75172657

3.141593  -3.000000  0.00433211
3.141593  -2.958333  0.00476714
3.141593  -2.916667  0.00524571
3.141593  -2.875000  0.00577217
3.141593  -2.833333  0.00635127
3.141593  -2.791667  0.00698823
3.141593  -2.750000  0.00768879
3.141593  -2.708333  0.00845924
3.141593  -2.666667  0.00930647
3.141593  -2.625000  0.01023805
3.141593  -2.583333  0.01126228
3.141593  -2.541667  0.01238824
3.141593  -2.500000  0.01362589
3.141593  -2.458333  0.01498610
3.141593  -2.416667  0.01648080
3.141593  -2.375000  0.01812301
3.141593  -2.333333  0.01992697
3.141593  -2.291667  0.02190820
3.141593  -2.250000  0.02408366
3.141593  -2.208333  0.02647180
3.141593  -2.166667  0.02909273
3.141593  -2.125000  0.03196832
3.141593  -2.083333  0.03512229
3.141593  -2.041667  0.03858040
3.141593  -2.000000  0.04237053
3.141593  -1.958333  0.04652281
3.141593  -1.916667  0.05106977
3.141593  -1.875000  0.05604643
3.141593  -1.833333  0.06149039
3.141593  -1.791667  0.06744197
3.141593  -1.750000  0.07394422
3.141593  -1.708333  0.08104302
3.141593  -1.666667  0.08878702
3.141593  -1.625000  0.09722767
3.141593  -1.583333  0.10641910
3.141593  -1.541667  0.11641794
3.141593  -1.500000  0.12728318
3.141593  -1.458333  0.13907579
3.141593  -1.416667  0.15185834
3.141593  -1.375000  0.16569448
3.141593  -1.333333  0.18064832
3.141593  -1.291667  0.19678365
3.141593  -1.250000  0.21416304
3.141593  -1.208333  0.23284678
3.141593  -1.166667  0.25289171
3.141593  -1.125000  0.27434987
3.141593  -1.083333  0.29726706
3.141593  -1.041667  0.32168127
3.141593  -1.000000  0.34762106
3.141593  -0.958333  0.37510388
3.141593  -0.916667  0.40413440
3.141593  -0.875000  0.43470300
3.141593  -0.833333  0.46678427
3.141593  -0.791667  0.50033582
3.141593  -0.750000  0.53529736
3.141593  -0.708333  0.57159014
3.141593  -0.666667  0.60911680
3.141593  -0.625000  0.64776176
3.141593  -0.583333  0.68739207
3.141593  -0.541667  0.72785880
3.141593  -0.500000  0.76899903
3.141593  -0.458333  0.81063820
3.141593  -0.416667  0.85259296
3.141593  -0.375000  0.89467433
3.141593  -0.333333  0.93669105
3.141593  -0.291667  0.97845302
3.141593  -0.250000  1.01977470
3.141593  -0.208333  1.06047836
3.141593  -0.166667  1.10039702
3.141593  -0.125000  1.13937697
3.141593  -0.083333  1.17727991
3.141593  -0.041667  1.21398448
3.141593  0.000000  1.24938737
3.141593  0.041667  1.28340377
3.141593  0.083333  1.31596745
3.141593  0.125000  1.34703029
3.141593  0.166667  1.37656152
3.141593  0.208333  1.40454651
3.141593  0.250000  1.43098548
3.141593  0.291667  1.45589192
3.141593  0.333333  1.47929096
3.141593  0.375000  1.50121771
3.141593  0.416667  1.52171562
3.141593  0.458333  1.54083486
3.141593  0.500000  1.55863088
3.141593  0.541667  1.57516297
3.141593  0.583333  1.59049310
3.141593  0.625000  1.60468477
3.141593  0.666667  1.61780206
3.141593  0.708333  1.62990885
3.141593  0.750000  1.64106814
3.141593  0.791667  1.65134145
3.141593  0.833333  1.66078845
3.141593  0.875000  1.66946658
3.141593  0.916667  1.67743078
3.141593  0.958333  1.68473340
3.141593  1.000000  1.69142399
3.141593  1.041667  1.69754934
3.141593  1.083333  1.70315341
3.141593  1.125000  1.70827739
3.141593  1.166667  1.71295977
3.141593  1.208333  1.71723639
3.141593  1.250000  1.72114058
3.141593  1.291667  1.72470322
3.141593  1.333333  1.72795293
3.141593  1.375000  1.73091612
3.141593  1.416667  1.73361717
3.141593  1.458333  1.73607854
3.141593  1.500000  1.73832088
3.141593  1.541667  1.74036319
3.141593  1.583333  1.74222288
3.141593  1.625000  1.74391593
3.141593  1.666667  1.74545700
3.141593  1.708333  1.74685948
3.141593  1.750000  1.74813564
3.141593  1.791667  1.74929669
3.141593  1.833333  1.75035288
3.141593  1.875000  1.75131357
3.141593  1.916667  1.75218730
3.141593  1.958333  1.75298187
3.141593  2.000000  1.75370438

